playlist_url,track_id,queued_at
https://www.youtube.com/watch?v=sUlsTs2ljaE&list=RDEMS8p4xu8FexK0AqduCBG4Gg&start_radio=1,1r-XsNYFhiU,1785705699
https://www.youtube.com/watch?v=sUlsTs2ljaE&list=RDEMS8p4xu8FexK0AqduCBG4Gg&start_radio=1,5HAM--M3UCY,1785705699
https://www.youtube.com/watch?v=sUlsTs2ljaE&list=RDEMS8p4xu8FexK0AqduCBG4Gg&start_radio=1,5R1RGl4WQP8,1785705699
https://www.youtube.com/watch?v=sUlsTs2ljaE&list=RDEMS8p4xu8FexK0AqduCBG4Gg&start_radio=1,7h2ryr_uUEs,1785705699
https://www.youtube.com/watch?v=sUlsTs2ljaE&list=RDEMS8p4xu8FexK0AqduCBG4Gg&start_radio=1,AFwpWzOpfjQ,1785705699
https://www.youtube.com/watch?v=sUlsTs2ljaE&list=RDEMS8p4xu8FexK0AqduCBG4Gg&start_radio=1,BUKHMGiW_rY,1785705699
https://www.youtube.com/watch?v=sUlsTs2ljaE&list=RDEMS8p4xu8FexK0AqduCBG4Gg&start_radio=1,GbS2nCX-MW4,1785705699
https://www.youtube.com/watch?v=sUlsTs2ljaE&list=RDEMS8p4xu8FexK0AqduCBG4Gg&start_radio=1,HJqlA_HTEU8,1785705699
https://www.youtube.com/watch?v=sUlsTs2ljaE&list=RDEMS8p4xu8FexK0AqduCBG4Gg&start_radio=1,Mcj75l2gJcY,1785705699
https://www.youtube.com/watch?v=sUlsTs2ljaE&list=RDEMS8p4xu8FexK0AqduCBG4Gg&start_radio=1,PlA9o1rw-rY,1785705699
https://www.youtube.com/watch?v=sUlsTs2ljaE&list=RDEMS8p4xu8FexK0AqduCBG4Gg&start_radio=1,VoGwvVoaoCw,1785705699
https://www.youtube.com/watch?v=sUlsTs2ljaE&list=RDEMS8p4xu8FexK0AqduCBG4Gg&start_radio=1,csx53ZqoQqI,1785705699
https://www.youtube.com/watch?v=sUlsTs2ljaE&list=RDEMS8p4xu8FexK0AqduCBG4Gg&start_radio=1,d1dcXgGQT2M,1785705699
https://www.youtube.com/watch?v=sUlsTs2ljaE&list=RDEMS8p4xu8FexK0AqduCBG4Gg&start_radio=1,fKYzhPNLDpM,1785705699
https://www.youtube.com/watch?v=sUlsTs2ljaE&list=RDEMS8p4xu8FexK0AqduCBG4Gg&start_radio=1,mqOCHYhRaGY,1785705699
https://www.youtube.com/watch?v=sUlsTs2ljaE&list=RDEMS8p4xu8FexK0AqduCBG4Gg&start_radio=1,pjPA7CXutDw,1785705699
https://www.youtube.com/watch?v=sUlsTs2ljaE&list=RDEMS8p4xu8FexK0AqduCBG4Gg&start_radio=1,rigubwkGxdw,1785705699
https://www.youtube.com/watch?v=sUlsTs2ljaE&list=RDEMS8p4xu8FexK0AqduCBG4Gg&start_radio=1,sUlsTs2ljaE,1785705699
https://www.youtube.com/watch?v=sUlsTs2ljaE&list=RDEMS8p4xu8FexK0AqduCBG4Gg&start_radio=1,tJOu5ukveiQ,1785705699
https://www.youtube.com/watch?v=sUlsTs2ljaE&list=RDEMS8p4xu8FexK0AqduCBG4Gg&start_radio=1,xXD_IEcZbMI,1785705699
