id,track_duration_ms,track_key,track_mode,source_type,source_ref,artist_popularity,track_popularity,track_album_release_date,track_danceability,track_energy,track_loudness,track_speechiness,track_acousticness,track_instrumentalness,track_liveness,track_valence,track_tempo,normalized_views,normalized_likes
hTWKbfoikeg,279000,1,0,0,0,0.2,0.2,0.010116403072760606,0.19109570703884404,0.2,0.1452580969871968,0.10112814698645622,0.13349601246367257,0.0,0.06559928586830281,0.041885036249083005,0.10557184750733138,0.2,0.2
fJ9rUzIMcZQ,360000,10,0,0,0,0.2,0.2,0.00041913828287025727,0.1478822328960717,0.14742414213765898,0.06793817924002359,0.11592314928321445,0.1569290537325977,0.0,0.03886443434235157,0.05696336949008518,0.15053763440860216,0.19026546116318682,0.18474273511143519
bpOSxM0rNPM,266000,4,1,0,0,0.2,0.2,0.05453280670220178,0.16668684780046183,0.2,0.141418154664776,0.07809110258631324,0.1742376777080017,0.0,0.04878428742835781,0.1504729894747592,0.051612903225806465,0.17324312781493284,0.14132885700554085
XFkzRNyygfk,237000,7,1,0,0,0.2,0.2,0.0,0.1759930402199569,0.2,0.11180616393199168,0.11589634021926437,0.14587222007019138,0.0,0.029744178065050465,0.1574385064491908,0.06221198156682028,0.13000848606442242,0.105053191968358
tvTRZJ-4EyI,184000,1,0,0,0,0.2,0.2,0.09644648497174409,0.1362922093464797,0.2,0.13605697517265247,0.13374566884350053,0.14281439981848362,0.0,0.14855094040630032,0.06269009190756579,0.1650853889943074,0.1027283890167787,0.12101659245216692
4zAThXFOy2c,294000,9,1,0,0,0.2,0.2,0.07496918023620545,0.13734677698985973,0.18134081884212813,0.09566120230686365,0.08189344350218969,0.17517415215520013,0.0,0.01118698681713041,0.19304637382051268,0.1650853889943074,0.08314264327453941,0.054938443266514175
fHI8X4OXluQ,204000,5,0,0,0,0.2,0.2,0.12598931794427157,0.16948236430605573,0.2,0.18374943038001212,0.10313143707545908,0.15558516015424428,0.0,0.0804429072396231,0.018736906694355033,0.051612903225806465,0.08046632445195938,0.08447705709685954
5NV6Rdv1a3I,249000,8,1,0,0,0.2,0.2,0.05268484226972179,0.1921998734594167,0.2,0.15899295976641536,0.08685141894958076,0.15953920586122894,0.0,0.047517206186258376,0.17287715709246343,0.10557184750733138,0.07914751770596817,0.07115955055730082
5y_KJAg8bHI,252000,9,1,0,0,0.2,0.2,0.05482516335563501,0.17844518712925828,0.2,0.15557302423452354,0.10907242150898735,0.1340680272942949,0.0,0.07571643660954537,0.17917767613905455,0.11520737327188942,0.049742879829542896,0.0381170206627709
vGJTaP6anOU,181000,6,1,0,0,0.2,0.2,0.05280636801762926,0.1842044898015508,0.2,0.11094290147205972,0.06003152867097161,0.1805412051293739,0.0,0.01981859508622429,0.15869117204712468,0.07444168734491316,0.04361358615215349,0.055831298563081444
d-JBBNg8YKs,315000,2,0,0,0,0.2,0.2,0.11132669153041777,0.1335545972008954,0.2,0.14929068463981152,0.14632443773729167,0.14090216584636725,0.0,0.11368584432431483,0.06288258165004744,0.1650853889943074,0.02933296026284112,0.03675425767545579
qQzdAsjWGPg,277000,2,1,0,0,0.2,0.2,0.11531268427589235,0.1369304286709466,0.2,0.1178400489109704,0.061673268043657296,0.1723774098997716,0.0,0.0157993596680626,0.1933279001422834,0.1650853889943074,0.028931487744000783,0.03634226297580855
2SUwOgmvzK4,218000,6,1,0,0,0.2,0.2,0.1339615669319553,0.1907980218287072,0.2,0.17350196679826557,0.09579858055046264,0.15685930865502243,0.0,0.06650218871264764,0.17314692153061378,0.10557184750733138,0.024272695265854724,0.027057066842411232
NMA_isZYsYQ,194000,8,0,0,0,0.2,0.2,0.15777719017225272,0.18803170134184832,0.2,0.18219016115829417,0.059154554626795176,0.14014179039396765,0.0,0.040868230541405405,0.03179999342361952,0.08129032258064517,0.019919068112971495,0.01955399259111274
lA8F9sIhGdg,263000,7,1,0,0,0.2,0.2,0.15255198352726637,0.1974751580258856,0.2,0.12116793205638653,0.10705598718741359,0.16364994109314945,0.0,0.12417986244647897,0.16905174392031985,0.09677419354838712,0.019887224979784082,0.0121602206056717
IhP3J0j9JmY,203000,10,0,0,0,0.2,0.2,0.09471749634144011,0.18338691347719274,0.2,0.1680536975747512,0.09329942728447335,0.14153957768142572,0.0,0.07193519597343827,0.044811886333338234,0.11520737327188942,0.019593156163678155,0.0240481527643581
6JHu3b-pbh8,201000,0,1,0,0,0.2,0.2,0.11400005737553567,0.17188754910876236,0.2,0.14991456448697074,0.08658165053522515,0.177085509076232,0.0,0.11355370177277735,0.17895762700240833,0.12580645161290324,0.017148862025711017,0.01722583965332251
3mWbRB3Y4R8,213000,9,1,0,0,0.2,0.2,0.09501426849748446,0.15615611697000326,0.2,0.16104712471399238,0.1112455992318519,0.14018567904796939,0.0,0.07810825649316273,0.15390073971277063,0.051612903225806465,0.016024590236414973,0.01693724858594446
QkF3oxziUI4,483000,9,1,0,0,0.2,0.2,0.1104110189471948,0.14604205689166225,0.016073380650196322,0.014158701967037769,0.0670248529416966,0.17683789075951278,0.0,0.0,0.18857298834641467,0.15053763440860216,0.015740710456129556,0.01924489650937818
SQnc1QibapQ,156000,10,0,0,0,0.2,0.2,0.15956175342580947,0.17096138159278165,0.2,0.16339760433252512,0.059431142293033735,0.1715067176897304,0.0,0.09999817252302451,0.019118435194023804,0.056729699666295874,0.014631441154731285,0.012067754597535733
m1a_GqJf02M,199000,0,1,0,0,0.2,0.2,0.11110701992418442,0.1371116712802146,0.2,0.12342783386318223,0.1361213974408733,0.13728169952306277,0.0,0.1365527509799011,0.1968607127327568,0.1650853889943074,0.013799392318566448,0.013671668293704649
WHuBW3qKm9g,221000,11,1,0,0,0.2,0.2,0.13000122506658426,0.1931938469748666,0.2,0.17475031033435867,0.09403365106736743,0.1435219477130136,0.0,0.08853635603490304,0.16507342609505882,0.08129032258064517,0.013604515966962816,0.013348364118092607
McEoTIqoRKk,223000,7,1,0,0,0.2,0.2,0.06267421216149618,0.17290932639500822,0.2,0.1654620463923668,0.10328128947187439,0.13938516267028495,0.0,0.07078600317242328,0.18275262807286755,0.12580645161290324,0.012818065857019278,0.010526636674025307
QpKkNIT84GY,244000,5,1,0,0,0.2,0.2,0.15297353544022388,0.19266034096543475,0.2,0.14750562583945967,0.10602210221417263,0.13419257476787336,0.0,0.119694757348196,0.1720169882057065,0.09677419354838712,0.010842370389216267,0.01647031592330431
ReCnlwVZj1M,324000,0,1,seed_query,file:data_extraction/seed_queries.txt,0.2,0.2,0.10708331939069647,0.0,0.07142506338663916,0.1868370925757482,0.0,0.0,0.2,0.2,0.11882038550250143,0.1099583059030064,0.00963552989674149,0.004797132766632726
mQER0A0ej0M,426000,5,1,0,0,0.198,0.198,0.10990921471215334,0.136024114388862,0.2,0.12879010618734552,0.11643472978350947,0.12678551712553135,0.0,0.031568307195136695,0.19791728189542324,0.1650853889943074,0.008656736504600538,0.009756611349598824
Rif-RTvmmss,231000,9,1,0,0,0.194,0.194,0.16246894838103723,0.1806733989053825,0.2,0.1813003338976139,0.07803687230205203,0.17130324521488516,0.0,0.054596944942731984,0.17542949594076512,0.11520737327188942,0.007254414114474731,0.005364482633606946
T_lC2O1oIew,309000,0,1,seed_query,file:data_extraction/seed_queries.txt,0.194,0.194,0.14764496289093812,0.0,0.07142506338663916,0.1868370925757482,0.0,0.0,0.2,0.2,0.11882038550250143,0.1099583059030064,0.0071473734198689845,0.012368712710007137
b4Zp75xe6tE,266000,3,0,0,0,0.19000000000000003,0.19000000000000003,0.16573478417422535,0.18852421177930667,0.2,0.15222983395539924,0.1141357413013495,0.14304872812118904,0.0,0.06498747379484238,0.02885156166320972,0.07444168734491316,0.005594231066174007,0.002396165015337071
p3pEe6aAJ4k,219000,10,0,0,0,0.18800000000000003,0.18800000000000003,0.16498478498711278,0.1863688927901475,0.2,0.15129975903802037,0.09116894282752694,0.13850127592376738,0.0,0.05784060252995245,0.029309318357836685,0.07444168734491316,0.004886861379641121,0.00293543221788679
XqN2qFvY64U,204000,1,1,0,0,0.18600000000000003,0.18600000000000003,0.15809839971810638,0.1824040853835249,0.2,0.12366081667188629,0.08508511068806676,0.15739490219563154,0.0,0.018668921294872656,0.1585620445625332,0.06810035842293909,0.0041990801304481505,0.0036445828640382138
rBrd_3VMC3c,139000,0,1,0,0,0.18400000000000002,0.18400000000000002,0.1340320814687214,0.1419969562650166,0.06424665546711665,0.05021148545515404,0.09263064112005776,0.15985890449449003,0.0,0.013235364330840214,0.1423299533692665,0.026881720430107517,0.003969755031007463,0.0067037922603243
tNJhkrpLGT8,243000,10,0,0,0,0.18200000000000002,0.18200000000000002,0.1423266287707654,0.14698991843710071,0.2,0.12180330161026554,0.10511236671594629,0.1754654627517098,0.0,0.05392584126681954,0.055097453158374644,0.15053763440860216,0.003535349508859023,0.004955583030466357
VLLyzqkH6cs,229000,0,1,seed_query,file:data_extraction/seed_queries.txt,0.17800000000000002,0.17800000000000002,0.12900007062942143,0.0,0.07142506338663916,0.1868370925757482,0.0,0.0,0.2,0.2,0.11882038550250143,0.1099583059030064,0.002883809213309439,0.011402989236201559
vqkfEUqjl6Y,261000,4,1,0,0,0.17600000000000002,0.17600000000000002,0.19462157211191464,0.1726344671322332,0.2,0.14383472068111278,0.10156667087118104,0.15134207661704513,0.0,0.140396342851435,0.18154901841000817,0.12580645161290324,0.002411503124118622,0.004687363568112635
bzRMneypG04,296000,10,0,0,0,0.17400000000000002,0.17400000000000002,0.16664109524546733,0.15772249288858353,0.2,0.09780613219495166,0.08575091355384468,0.18519158189576002,0.0,0.02498784022549649,0.04907080263468585,0.13752122241086592,0.0021775568362898314,0.0016517676236229243
pQV0WEdT_OE,216000,0,1,0,0,0.17,0.17,0.12324100027737961,0.19220248965502057,0.2,0.1764625535861957,0.09827377584499747,0.16758602596424185,0.0,0.1181400286152412,0.17206714620885227,0.10557184750733138,0.0017636867864077033,0.003736728689776943
7sxVHYZ_PnA,352000,2,1,0,0,0.168,0.168,0.1942117840984981,0.17188635078693065,0.2,0.1358611785939054,0.07478602225745316,0.20000000000000007,0.0,0.14207263139417495,0.176651003168018,0.12580645161290324,0.0016265350232864317,0.007913974994421825
bNMI1_Nhy-0,215000,0,1,seed_query,file:data_extraction/seed_queries.txt,0.16600000000000004,0.16600000000000004,0.016889352294935468,0.0,0.07142506338663916,0.1868370925757482,0.0,0.0,0.2,0.2,0.11882038550250143,0.1099583059030064,0.0013338997275022116,0.0010515456971988378
lpl0GvwRNAs,303000,0,1,seed_query,file:data_extraction/seed_queries.txt,0.16400000000000003,0.16400000000000003,0.1140914893370681,0.0,0.07142506338663916,0.1868370925757482,0.0,0.0,0.2,0.2,0.11882038550250143,0.1099583059030064,0.0012615599036455583,0.0006444471200427178
JyGNABrosb8,302000,1,0,0,0,0.16400000000000003,0.16400000000000003,0.06909536583954248,0.1910474639209046,0.2,0.15415445339535427,0.101910469501231,0.1318836622385612,0.0,0.0695902554694187,0.04204733902382058,0.10557184750733138,0.0012557945301747235,0.0012944974320371176
hq0rZ3IiyWw,251000,11,1,0,0,0.16200000000000003,0.16200000000000003,0.05858662842572535,0.15647332671516032,0.2,0.15569221777837128,0.07181873367579704,0.15300540250000655,0.0,0.04917858116552413,0.14737913106469677,0.03812316715542522,0.0010787911840216117,0.001456936634903017
kwwdY1bp-Ck,190000,9,1,0,0,0.15800000000000003,0.15800000000000003,0.19436861700350372,0.17917114945741847,0.2,0.15170033437666355,0.10087293290120368,0.14550469005230343,0.0,0.05853588265070331,0.15975893987288503,0.06810035842293909,0.0009073098276858958,0.0013043030179525608
XvziPPpryv0,187000,0,1,seed_query,file:data_extraction/seed_queries.txt,0.15800000000000003,0.15800000000000003,0.13493273368409478,0.0,0.07142506338663916,0.1868370925757482,0.0,0.0,0.2,0.2,0.11882038550250143,0.1099583059030064,0.0008968354033883618,0.0012432148847460107
mxtfdH3-TQ4,155000,10,0,0,0,0.15600000000000003,0.15600000000000003,0.06438350739719745,0.13643730663938897,0.2,0.15011736716701407,0.08576042500899907,0.14676566139623698,0.0,0.020496950598090487,0.062292349092267045,0.1650853889943074,0.0007577531098515467,0.0007608467623722982
beLAh5dWSg4,266000,0,1,seed_query,file:data_extraction/seed_queries.txt,0.15400000000000003,0.15400000000000003,0.08676796428555429,0.0,0.07142506338663916,0.1868370925757482,0.0,0.0,0.2,0.2,0.11882038550250143,0.1099583059030064,0.0006802773270841885,0.0004028027966598306
44FId4BpMx0,216000,2,1,0,0,0.15400000000000003,0.15400000000000003,0.10339942529992047,0.19833510707005436,0.2,0.16158636247412383,0.043955301189781804,0.15561224765569492,0.0,0.017859584431850328,0.169860836093392,0.09677419354838712,0.0006679717931839832,0.001206754114260424
GDaPdpwA4Iw,281000,2,1,0,0,0.15000000000000002,0.15000000000000002,0.19439431390770362,0.1948134100238034,0.2,0.16842031278350006,0.13882726610355708,0.12198579285797835,0.0,0.10804623644439562,0.17324575013579863,0.09677419354838712,0.0005683030860733396,0.004943749622701734
9qkpcLK422o,185000,4,1,0,0,0.148,0.148,0.19471772031366444,0.13749219039894137,0.2,0.18103470834558402,0.09747651306095018,0.1337986772006862,0.0,0.09950771412063343,0.1972113215388278,0.1650853889943074,0.0005021610880323581,0.0031600535104831387
Jgq3DPuouJE,303000,9,1,0,0,0.148,0.148,0.06831768087487848,0.18015991174634755,0.2,0.11783864170259038,0.1024935484823168,0.12824565568566687,0.0,0.05518511071050491,0.16149627281914536,0.06810035842293909,0.0004964411962944439,0.0006066789381017388
1FVF-9KQiPo,360000,0,1,0,0,0.148,0.148,0.19469240038545924,0.17655869970915128,0.1562426506665213,0.07960706550345423,0.11485023728634472,0.14366821303270055,0.0,0.030747029317551123,0.17821130000124516,0.11520737327188942,0.0004885768972316321,0.005261063719298762
GJP9ZTsgxJs,193000,5,1,0,0,0.148,0.148,0.17285463703582185,0.1836298911139784,0.2,0.13616928237761924,0.08122238035165598,0.13740948905377892,0.0,0.05382513868681156,0.1605738208854939,0.06810035842293909,0.00048256118628868825,0.0005172813446059773
h7oSlZL0tEM,196000,1,1,0,0,0.146,0.146,0.18361623575321248,0.1364614259797616,0.2,0.1715756332587413,0.09620076312038825,0.12811915871106622,0.0,0.04893609332294379,0.19778303455482282,0.1650853889943074,0.0004686933924508657,0.0002748899289628659
V1Z586zoeeE,166000,11,1,0,0,0.144,0.144,0.15339885114053617,0.10784503769854631,0.2,0.18509757343382197,0.08645294822963423,0.16942487407792917,0.0,0.05959892378374002,0.19362510899240404,0.20000000000000007,0.0003995640714975925,0.002730902370717186
TBkpoTbJAsI,164000,6,0,0,0,0.144,0.144,0.16117056295218318,0.18908812946903147,0.2,0.15545091896695337,0.11583703675879542,0.15013712826456416,0.0,0.05192022608446876,0.030793840389637547,0.08129032258064517,0.00038506225854403447,0.0003887014302480981
fAuT8_dboWo,240000,7,1,0,0,0.142,0.142,0.12115794827438604,0.17595262506280296,0.2,0.12253229543232134,0.1135298344926698,0.15257343039709698,0.0,0.029886879022519637,0.15676394765097332,0.06221198156682028,0.0003556009022215119,0.0006229148538283978
3rg0p23brQ0,191000,7,1,0,0,0.14,0.14,0.19458489512312643,0.16796270558716986,0.2,0.1665578874628512,0.09041086172072654,0.13129972857258218,0.0,0.09871440549710339,0.18356652592742598,0.12580645161290324,0.0002993390588933733,0.002572345379417809
xKau76yc4HE,245000,0,1,seed_query,file:data_extraction/seed_queries.txt,0.136,0.136,0.10575678232206452,0.0,0.07142506338663916,0.1868370925757482,0.0,0.0,0.2,0.2,0.11882038550250143,0.1099583059030064,0.0002634182628203623,0.0005009520423467903
Q7j2riFSqnw,3715000,0,1,seed_query,config_query:global_pop_rotation,0.136,0.136,0.19147479222390995,0.0,0.07142506338663916,0.1868370925757482,0.0,0.0,0.2,0.2,0.11882038550250143,0.1099583059030064,0.0002612000886352522,0.0001484445639199131
LoElk8clGVg,180000,7,0,0,0,0.134,0.134,0.1946215738685596,0.12345284659747087,0.2,0.16775571371513193,0.08885016652401029,0.14289007839200693,0.0,0.05457474685695696,0.0,0.0,0.00022586801788610124,0.00257717479724283
WxKkHSfwN4c,166000,7,1,0,0,0.134,0.134,0.19442567037043013,0.18542904157662404,0.2,0.16634273428372795,0.10738822995560204,0.14604191731666485,0.0,0.10419044230610663,0.16481976032656942,0.08129032258064517,0.0002245173795652969,0.00031132401758201595
OVMsbS-sHfQ,0,0,1,seed_query,config_query:global_pop_rotation,0.134,0.134,0.1933497475052205,0.0,0.07142506338663916,0.1868370925757482,0.0,0.0,0.2,0.2,0.11882038550250143,0.1099583059030064,0.0002191230956880651,4.661322066470534e-05
jkPyB-g3asI,256000,10,0,0,0,0.134,0.134,0.06994303623952983,0.13625249076069257,0.2,0.13519218574192515,0.07506312817263815,0.13191237920246968,0.0,0.04319206854875016,0.06378751365171757,0.1650853889943074,0.00021399709765275188,0.0006571210066000934
pvf_Qv4rmLM,255000,6,1,0,0,0.134,0.134,0.1946414123620305,0.11985666482661533,0.2,0.14110525289929837,0.2,0.10665937052202766,0.0,0.1618557248126936,0.19994322476295268,0.18145161290322587,0.00021212266763917894,0.0019907207139000186
0o898kGXux0,2818000,0,1,seed_query,file:data_extraction/seed_queries.txt,0.132,0.132,0.19097003366348214,0.0,0.07142506338663916,0.1868370925757482,0.0,0.0,0.2,0.2,0.11882038550250143,0.1099583059030064,0.0002088889540167258,0.0004038967531837304
GwXVMhVjjCI,164000,0,1,seed_query,curated_builtin,0.132,0.132,0.1871177809692074,0.0,0.07142506338663916,0.1868370925757482,0.0,0.0,0.2,0.2,0.11882038550250143,0.1099583059030064,0.00020808982869284628,0.00032662606798339463
WPR0Yd46y2o,168000,6,0,0,0,0.132,0.132,0.19409542358924342,0.16778514502501574,0.2,0.17418224725788978,0.1129788907489336,0.1332532823583116,0.0,0.07697075824688063,0.04975618998368809,0.12580645161290324,0.00020756885611575456,0.0004342740581217768
Ncu0A9dtieU,5505000,0,1,seed_query,config_query:mood_focus,0.132,0.132,0.131612862439912,0.0,0.07142506338663916,0.1868370925757482,0.0,0.0,0.2,0.2,0.11882038550250143,0.1099583059030064,0.00020693164200225186,0.0001964452416393206
mQezde_qeXw,254000,3,0,0,0,0.132,0.132,0.1946139855139368,0.18065475717728013,0.2,0.1817827219362229,0.08167658392906263,0.1464940815209331,0.0,0.11648216753760154,0.028504744695021962,0.07444168734491316,0.00019902693561473772,0.0015075254536667726
Rn89mUndYbo,256000,5,0,0,0,0.132,0.132,0.1946141141003433,0.1698011420547191,0.2,0.1051640655268079,0.07244661658193162,0.14489834779408195,0.0,0.029108404035994174,0.04858397168843803,0.12580645161290324,0.00019896519698141352,0.001389551581217434
FuzKVhhDJE4,204000,3,0,0,0,0.13,0.13,0.194636732308698,0.1615373354139368,0.2,0.14918306313934415,0.13955478945362562,0.12422858238648066,0.0,0.07861821981718187,0.05520747432212756,0.13752122241086592,0.00017456189800639076,0.0015709482501865234
W6lIvxWfxLI,235000,6,1,0,0,0.128,0.128,0.1945684177939999,0.166831444038036,0.2,0.14780554835317694,0.1084533095869533,0.1552220237404933,0.0,0.05089502190356984,0.18115845426695593,0.12580645161290324,0.00015707201037636043,6.19019301328657e-05
Ct_5ufRlAsw,372000,5,1,0,0,0.128,0.128,0.19460184253042723,0.16790306334105806,0.18958905118463087,0.0630421120580991,0.17468850606756103,0.11709159247888229,0.0,0.12065082847307305,0.15820967008687303,0.056729699666295874,0.00015512277982682697,0.0004398639091402403
IRXl1RoWAo0,210000,0,1,seed_query,file:data_extraction/seed_queries.txt,0.128,0.128,0.1659634547209329,0.0,0.07142506338663916,0.1868370925757482,0.0,0.0,0.2,0.2,0.11882038550250143,0.1099583059030064,0.00014994913873657412,0.000274436337233444
PoHPFLaOPNo,264000,8,0,0,0,0.126,0.126,0.19455464429269764,0.12883686866324906,0.2,0.14502348241558397,0.11053585132044047,0.16065600699175353,0.0,0.02736322340957368,0.0027882018516648456,0.011801730920535014,0.00014852229032197084,7.58298644127605e-05
MTn_bhTVr2U,480000,7,0,0,0,0.126,0.126,0.19439770739431417,0.17841363792196452,0.2,0.10458712506130337,0.168223659399615,0.13625146657651865,0.0,0.13572946157973206,0.02707670315788889,0.06810035842293909,0.00014839449041128454,0.0008999259911729717
nUaQMon-OXo,202000,10,0,0,0,0.126,0.126,0.19459763712254574,0.10856981809263178,0.2,0.16134937510965744,0.06652947858556946,0.13262022047323382,0.0,0.0954573861128521,0.06371626076848569,0.20000000000000007,0.0001468166313669218,0.00014913829244726415
JiNxvNtlBPM,156000,0,0,0,0,0.126,0.126,0.19440264356647258,0.1512071691124468,0.2,0.15353356012342712,0.15351547591392806,0.11783232134015527,0.0,0.17321657913872052,0.06089893389268104,0.15053763440860216,0.00013966772989238539,0.000573113150124521
4BvXZ4Gqnc0,164000,11,1,0,0,0.126,0.126,0.1945761097906715,0.16221760839103627,0.2,0.1540231114515025,0.09768307133959543,0.1512837932676605,0.0,0.02960308852064374,0.18609772322533213,0.13752122241086592,0.0001350113965288443,5.02819772997351e-05
_i39qX86cGY,211000,7,1,0,0,0.124,0.124,0.18659021307745993,0.18225258564551194,0.2,0.11799514123881044,0.07259225052964469,0.1526988704656913,0.0,0.05266421124853565,0.15903475760474606,0.06810035842293909,0.00013176274159330356,7.485597628782532e-05
-yGAMoYkRkE,3727000,0,1,seed_query,config_query:mood_focus,0.124,0.124,0.1391228394319568,0.0,0.07142506338663916,0.1868370925757482,0.0,0.0,0.2,0.2,0.11882038550250143,0.1099583059030064,0.00012485562627332288,0.00022921057362344086
sSUrYVBQegM,136000,2,0,0,0,0.122,0.122,0.19461651508258743,0.18281707076846462,0.2,0.13347714304363004,0.10748808257993701,0.12177369682727064,0.0,0.1966515888252694,0.02853406779599183,0.06810035842293909,0.00011396651005971641,0.0009015669259588215
rWBLVn0pol0,291000,1,1,0,0,0.122,0.122,0.19462159073235058,0.17785803799272215,0.2,0.15944081131850635,0.12177612818699897,0.12119057023314786,0.0,0.12112353914323548,0.15992301644662427,0.06221198156682028,0.00011006024940727672,0.0005527682269666287
9N72OEc9DPI,178000,0,1,0,0,0.122,0.122,0.19458533393302152,0.14750674168630065,0.0,0.0,0.11515112746148821,0.13561093990606207,0.0,0.01765798018260331,0.192722985296998,0.15053763440860216,0.00010939381046125678,0.0010672079527971102
EDs6goDO8OU,319000,3,0,0,0,0.122,0.122,0.19462157597653348,0.17382942182555225,0.2,0.15827498408656904,0.12994066868939588,0.11170896505659163,0.0,0.11469843109798966,0.027263769143703227,0.06221198156682028,0.00010917316767427783,0.0005533418870950151
kvGfRQx7eu4,164000,5,1,0,0,0.12,0.12,0.19442300272949078,0.1574037050328165,0.2,0.13916802846513085,0.11771548700574033,0.13240096376104882,0.0,0.10966711757252111,0.1528281532115796,0.046826222684703434,0.00010229612292151746,0.00035799060197959446
MYIVW-wvlJQ,230000,3,0,0,0,0.12,0.12,0.19454568680904283,0.1842635235412464,0.2,0.15292965814417359,0.10000279949899493,0.148612238217253,0.0,0.04765960700194011,0.02829152631120717,0.07444168734491316,0.00010197248844180896,0.000418598461590286
njZRXRLnV_s,228000,0,1,seed_query,file:data_extraction/seed_queries.txt,0.12,0.12,0.18424023782849883,0.0,0.07142506338663916,0.1868370925757482,0.0,0.0,0.2,0.2,0.11882038550250143,0.1099583059030064,9.819750460939041e-05,0.000217350483992381
SKs80r2Lp34,346000,11,1,0,0,0.12,0.12,0.19449679270633036,0.1557158676453239,0.015205771566233806,0.015500415276175118,0.08284078895815511,0.16896211142293055,0.0,0.006990191287175204,0.1474076264354414,0.042338709677419366,9.749986744987942e-05,0.0004062047346304946
cLXMddTRrxY,266000,0,1,seed_query,curated_builtin,0.12,0.12,0.0097084458346548,0.0,0.07142506338663916,0.1868370925757482,0.0,0.0,0.2,0.2,0.11882038550250143,0.1099583059030064,9.708761876739359e-05,6.587752823191613e-05
DHi8tNxsKT4,193000,5,1,0,0,0.12,0.12,0.19463675163179187,0.1873823389660851,0.2,0.13753093612890746,0.09560070682485071,0.13213664406654027,0.0,0.07576857682095028,0.17563556016453083,0.10557184750733138,9.419041358624013e-05,0.00023363976345191313
ZWpt17pHYH0,209000,8,0,0,0,0.118,0.118,0.19451029392767377,0.18341867025701208,0.2,0.1146045474986721,0.1310937740872496,0.14991237770583152,0.0,0.04706784096423661,0.025701565332868465,0.06810035842293909,9.340998839635074e-05,2.2239335674889467e-05
qpTPHtlwrJM,200000,0,0,0,0,0.118,0.118,0.19457436790159238,0.1819406981552001,0.2,0.1582649839248898,0.10083275279107683,0.13963046890643427,0.0,0.07756444061116348,0.029195651270223395,0.07444168734491316,8.694406467980546e-05,4.2931123096457296e-05
f9imDgsjxXc,227000,5,0,0,0,0.118,0.118,0.0920412436260997,0.19999999999999996,0.2,0.15266772277156576,0.10710546851352694,0.12934914246557014,0.0,0.09160351689025577,0.03576353612812104,0.08870967741935484,8.478809898063242e-05,0.00011429177488109062
AYtbfAAHP6c,227000,8,0,0,0,0.11599999999999999,0.11599999999999999,0.19451275041989657,0.15506252251258706,0.2,0.12311847257410746,0.09711799361651291,0.12796069722503933,0.0,0.03395077842555137,0.05483179130704596,0.13752122241086592,7.873724306224984e-05,8.814354577324218e-05
JBnTJeBRXmc,303000,5,0,0,0,0.11599999999999999,0.11599999999999999,0.13217538018718553,0.17394328707006676,0.2,0.15870250596865937,0.0797081947912317,0.14438355947599524,0.0,0.036452801999137883,0.048635791430282405,0.12580645161290324,7.660608558103354e-05,0.0003645810229894297
OLpxwid-WtU,179000,3,0,0,0,0.11400000000000002,0.11400000000000002,0.19438512665489638,0.10707783296986656,0.2,0.15933140835211104,0.06810267218651572,0.16299612987839862,0.0,0.07404241082094883,0.06065855388517203,0.20000000000000007,7.212726253461477e-05,0.00027290212991334066
UhJBtTPbeCQ,188000,2,0,0,0,0.11400000000000002,0.11400000000000002,0.1943926633641591,0.1851050675569538,0.2,0.09439766391432675,0.12075960686204466,0.16976602997346243,0.0,0.16356338556840347,0.028817951303762787,0.08129032258064517,7.147501313750193e-05,0.00020204843359100238
VdU_iaEoBKM,122000,1,0,0,0,0.11400000000000002,0.11400000000000002,0.1946089337545443,0.17091775877695384,0.2,0.19999999999999998,0.1130298931902996,0.13774865143073725,0.0,0.09440651479880954,0.04930367609274746,0.12580645161290324,6.970620599129027e-05,0.0007762421993062049
GNMaG_sq20w,181000,3,0,0,0,0.11400000000000002,0.11400000000000002,0.19418395638403904,0.16512605123516064,0.2,0.12525712990569307,0.14002121517569643,0.160453101847576,0.0,0.07943374084167559,0.04701819540489627,0.12580645161290324,6.708471032333793e-05,0.00017679404700877936
zg99uHoY3nY,200000,4,1,0,0,0.11200000000000002,0.11200000000000002,0.099823683619457,0.15590049741006096,0.2,0.16420289429829105,0.11271092441989006,0.12503605004148707,0.0,0.12102516898462186,0.18873987968108175,0.13752122241086592,6.360329040340755e-05,8.626247418946328e-05
O6PCWtrS1_0,940000,1,0,0,0,0.11200000000000002,0.11200000000000002,0.12732988674100554,0.1592588757857644,0.2,0.0758786219896968,0.08970731249999579,0.1657408692579836,0.0,0.09004010122369105,0.05102875481068794,0.13752122241086592,6.199705226123064e-05,5.8846856425877283e-05
8QDJZieQQUU,265000,8,0,0,0,0.11200000000000002,0.11200000000000002,0.09866741568131294,0.14727035055860824,0.2,0.12833953004030604,0.11619478429085157,0.11512916704944272,0.0,0.10808840326390919,0.061171039440900944,0.15053763440860216,6.0282278165492955e-05,7.194765284623808e-05
PrU4SVVBVdw,227000,2,0,0,0,0.11200000000000002,0.11200000000000002,0.19454895557386573,0.17878087483743596,0.2,0.143320041701273,0.1643330091496722,0.10118018581476976,0.0,0.15606102808827144,0.033066142642401083,0.07444168734491316,5.931513354727002e-05,0.00032860052609970153
x59r7Sy6jqA,230000,4,1,0,0,0.11000000000000001,0.11000000000000001,0.1946266333571896,0.18109119000402096,0.2,0.16615929568921173,0.10141174492820548,0.14190940798184767,0.0,0.09243415189086385,0.17838834524583905,0.11520737327188942,5.795998464138263e-05,0.00013711811161758481
NaZPFC5ZM6I,171000,0,1,0,0,0.11000000000000001,0.11000000000000001,0.19451849324339135,0.18050646757821454,0.2,0.1127797724873396,0.09467740317706445,0.15320659715018103,0.0,0.020755827184329185,0.1735146116287813,0.10557184750733138,5.6469706124049e-05,1.5515505332871295e-05
2seS3W2VQ_Y,300000,0,1,0,0,0.10800000000000001,0.10800000000000001,0.19461398516260786,0.1345519920735668,0.2,0.1813870119457021,0.10347571882154996,0.15036804713611018,0.0,0.09744551195212836,0.19554341175453333,0.1650853889943074,5.127285431472299e-05,0.0005331170323360875
xVTjhyxsJqM,145000,2,0,0,0,0.10600000000000001,0.10600000000000001,0.19454947905404474,0.11749797443757384,0.2,0.16602350008054023,0.09876500671936563,0.13883207141107837,0.0,0.15820687485805945,0.06309096197932298,0.18145161290322587,4.493181742266451e-05,0.00024904854131903813
iVLQ60L57z4,231000,9,1,0,0,0.10400000000000001,0.10400000000000001,0.19456496774342372,0.11866126137676183,0.2,0.12296453295951491,0.1359356242975454,0.10609535326242092,0.0,0.1141123529618863,0.20000000000000007,0.18145161290322587,4.070107655581324e-05,0.0001679223264186165
kWZhG9fvpL0,207000,5,1,0,0,0.10400000000000001,0.10400000000000001,0.19454948116201873,0.17984275447656187,0.2,0.16003245262049146,0.11685723881148412,0.10530963173162666,0.0,0.08609220745656433,0.1662641502500981,0.07444168734491316,4.0051270392287045e-05,0.00012569827278272858
uUv5Z3HFHpU,297000,0,1,seed_query,curated_builtin,0.10200000000000001,0.10200000000000001,0.06717542499041365,0.0,0.07142506338663916,0.1868370925757482,0.0,0.0,0.2,0.2,0.11882038550250143,0.1099583059030064,3.5462877716559305e-05,4.701344866125404e-05
wkABWE-WUC8,262000,9,1,0,0,0.1,0.1,0.014040503948606632,0.15762398597862984,0.2,0.12941246654886038,0.0917148445897999,0.15575336128513262,0.0,0.05732025878551303,0.1487372487251842,0.042338709677419366,3.305168807810396e-05,4.5786082805171355e-05
pQirHUlxcsc,217000,1,1,0,0,0.1,0.1,0.19459758512585676,0.1806149329068071,0.2,0.12157964529965454,0.1070852847422129,0.1404442083898359,0.0,0.023260068896387816,0.17853583550919758,0.11520737327188942,3.224711246391577e-05,0.00011153020170490457
hcE7TL9KnNI,141000,9,1,0,0,0.1,0.1,0.1943072756663857,0.18409317727741759,0.2,0.1387649081751621,0.1294777246241596,0.1265511425095653,0.0,0.084108745505731,0.16412593233367775,0.07444168734491316,3.182828584485051e-05,0.00021184067857322726
QW06BZ5fk78,102000,5,0,0,0,0.098,0.098,0.19463675163179187,0.16016407568071434,0.2,0.15141449891704836,0.14761867584165658,0.1342112138211253,0.0,0.09574944172744763,0.019032242540925365,0.046826222684703434,2.7581006166028075e-05,0.000209252537528879
3nvp55jqFnk,152000,3,0,0,0,0.098,0.098,0.1943964422586599,0.17009872643962765,0.2,0.1680793716425355,0.13435666785833242,0.11968066725623774,0.0,0.10583756317491946,0.051122439733403295,0.12580645161290324,2.70848418068931e-05,0.0001383588184068858
hKwCRJfiHBo,3433000,7,1,0,0,0.096,0.096,0.18282670467802636,0.18813721871445868,0.2,0.07538262594664702,0.10410741410899366,0.17892505669248382,0.0,0.035457471469550014,0.16150967007467693,0.08129032258064517,2.578428977461507e-05,0.0001628794536621029
HMIyjFm3d80,8928000,0,1,seed_query,config_query:global_pop_rotation,0.096,0.096,0.19734845203582216,0.0,0.07142506338663916,0.1868370925757482,0.0,0.0,0.2,0.2,0.11882038550250143,0.1099583059030064,2.4074590087095815e-05,4.177046190646607e-05
9aq6hlUdwUU,7720000,0,1,seed_query,config_query:mood_focus,0.09400000000000001,0.09400000000000001,0.1925435613284443,0.0,0.07142506338663916,0.1868370925757482,0.0,0.0,0.2,0.2,0.11882038550250143,0.1099583059030064,2.3129058689062465e-05,3.065746453563047e-05
XJj7pOeW2nA,135000,0,1,0,0,0.09400000000000001,0.09400000000000001,0.1946124045335302,0.1648796629875848,0.2,0.1694539672198293,0.1253173156231687,0.1176901451176291,0.0,0.17901889154347297,0.15616519040048973,0.051612903225806465,2.220701992166997e-05,0.00012174935655011473
OJAnFWpxv8o,310000,0,1,0,0,0.09000000000000001,0.09000000000000001,0.19468870124263687,0.15744961870967372,0.2,0.0947053634998889,0.11377925183272192,0.15758740464567703,0.0,0.026101813845194045,0.18546318762532085,0.13752122241086592,1.741348959518625e-05,0.0003337367853887432
ZPGWdJsNvjY,201000,4,1,0,0,0.08800000000000001,0.08800000000000001,0.1946095584174694,0.17906949934282743,0.2,0.10248087843336387,0.1579268300684573,0.15325897044942197,0.0,0.09657148379751745,0.17724587293935395,0.11520737327188942,1.6409508532118438e-05,7.477593068851558e-05
5XggbNWy3NA,246000,5,0,0,0,0.08600000000000001,0.08600000000000001,0.08972523907879958,0.1775350105963233,0.2,0.13119833374551562,0.1622371910159611,0.11522854754693408,0.0,0.10765091201365062,0.029192917140709658,0.06810035842293909,1.4330128808834602e-05,2.0785173954095853e-05
1gU-ELcGGqg,199000,0,1,seed_query,curated_builtin,0.08200000000000002,0.08200000000000002,0.10567961853303727,0.0,0.07142506338663916,0.1868370925757482,0.0,0.0,0.2,0.2,0.11882038550250143,0.1099583059030064,1.1416666727277656e-05,2.0144809159617933e-05
SvjhY9-3KOA,191000,3,0,0,0,0.072,0.072,0.19461526048680255,0.17235645934832322,0.2,0.15917774568810394,0.12849114216406274,0.15643991775550653,0.0,0.15416716681152093,0.0433119848225547,0.11520737327188942,6.4869731135995054e-06,2.8429528688176037e-05
cWUCy_VnDzw,147000,7,1,0,0,0.072,0.072,0.19461020064684345,0.17113999694262746,0.2,0.1731802924358657,0.12232425460895442,0.13182201386592057,0.0,0.08367401994990835,0.17940376486707754,0.11520737327188942,6.402587584337535e-06,2.3546747130281888e-05
f1qM_OSd5Hs,216000,4,1,0,0,0.068,0.068,0.15170754535388806,0.15041838419729553,0.2,0.12755125382266658,0.09144847461324107,0.1597686374096703,0.0,0.02205453688127447,0.1852436198636578,0.13752122241086592,5.053170880326513e-06,3.5220063696285654e-06
vysZMyXS78U,185000,8,0,0,0,0.064,0.064,0.19459758863914658,0.17481780323265128,0.2,0.13003139871123665,0.17230147121879136,0.14342465893288778,0.0,0.0444973011999633,0.04462212984436145,0.11520737327188942,4.192588834690513e-06,2.6321661239686217e-05
ju05IYp4iaE,141000,0,1,seed_query,curated_builtin,0.06,0.06,0.08137849799227004,0.0,0.07142506338663916,0.1868370925757482,0.0,0.0,0.2,0.2,0.11882038550250143,0.1099583059030064,3.0371272892504353e-06,6.737171275236461e-06
lAzVxWhZe_Q,4386000,0,1,seed_query,config_query:mood_focus,0.0,0.0,0.10384146777293451,0.0,0.07142506338663916,0.1868370925757482,0.0,0.0,0.2,0.2,0.11882038550250143,0.1099583059030064,4.4166145604817584e-09,1.3340933218290021e-08
jn83LBk4y9g,248000,0,1,seed_query,file:data_extraction/seed_queries.txt,0.0,0.0,0.2,0.0,0.07142506338663916,0.1868370925757482,0.0,0.0,0.2,0.2,0.11882038550250143,0.1099583059030064,0.0,0.0
