id,artist_popularity,track_duration_ms,track_explicit,track_popularity,artist_popularity,track_popularity,track_album_release_date,track_danceability,track_energy,track_loudness,track_speechiness,track_acousticness,track_instrumentalness,track_liveness,track_valence,track_tempo
6iF4RgIjDvDqyW13PezSj3,82,171655,0,77,0.15955056179775284,0.13333333333333336,0.2,0.10828025477707007,0.11098484848484846,0.13081487126449295,0.013981134513503038,0.001769207311907415,0.0,0.026424177587590265,0.1530353857807597,0.0652373680909661
0Nfh4u0J4bajcyp5pzaWCx,84,191185,0,75,0.16404494382022472,0.12753623188405797,0.2,0.06777070063694268,0.12382154882154882,0.15047629415927277,0.006047292931903347,0.12307651597417685,0.0,0.028563787108852642,0.08983876203874042,0.12256837455348622
2IGMVunIBsBLtEQyoI1Mu7,85,231750,1,94,0.1662921348314607,0.18260869565217394,0.1988929889298895,0.1740127388535032,0.10404040404040404,0.09865548963039573,0.038738855149244085,0.05517872074071695,7.121535181236675e-07,0.015485423910136398,0.1497889838762039,0.05836310091893218
1vYXt7VSjH9JIM5oRRo7vA,86,176579,0,97,0.16853932584269662,0.19130434782608696,0.195150237216658,0.12382165605095544,0.16864478114478115,0.1386424255620271,0.006176508592841454,0.004245117851085243,0.0,0.07937951323883391,0.15909533600259718,0.0721170888664685
2i8f4VnnBjy0yDqH2C452a,85,184783,1,91,0.1662921348314607,0.1739130434782609,0.19926199261992628,0.11286624203821659,0.1755892255892256,0.15455881552446793,0.01705646724382995,0.00040099494270144035,2.6226012793176977e-06,0.008745653918159936,0.16364029866897528,0.09927603413955771
7x9aauaA9cu6tyfpHnqDLo,85,184400,1,100,0.1662921348314607,0.2,0.19778597785977878,0.1571974522292994,0.1659090909090909,0.14760219911817538,0.00498772451221088,0.06379415095160915,0.0,0.013185343674779354,0.18398441727085818,0.09248766122215253
1BxfuPKGuaTgP7aM0Bbdwr,100,178426,0,99,0.2,0.19710144927536233,0.12287822878228792,0.09350318471337582,0.13855218855218854,0.13018344129334278,0.03434552267734849,0.023999068548916633,4.392324093816631e-06,0.019470446643487568,0.1134292825451791,0.15383661004008398
6wf7Yu7cxBSPrRlWeSeK0Q,88,222369,0,98,0.17303370786516856,0.19420289855072467,0.19773326304691619,0.06598726114649682,0.009995791245791245,0.0,0.0017056467243829955,0.19671793134823154,2.2388059701492537e-07,0.017598288312382995,0.02209717563034304,0.028961361219425743
23RoR84KodL5HWvUTneQ1w,74,231545,0,94,0.1415730337078652,0.18260869565217394,0.19625724828676872,0.12382165605095544,0.17516835016835017,0.1304664961079963,0.0028685876728259474,0.024614456421123213,0.04008528784648188,0.01339930462690559,0.2,0.09930602895863438
741UUVE2kuITl0c6zuqqbO,86,109750,1,95,0.16853932584269662,0.18550724637681162,0.19667896678966806,0.14904458598726117,0.11287878787878787,0.10094170159490501,0.05760434164620753,0.10646104342459904,2.7078891257995737e-05,0.053704198983685475,0.15433394654258203,0.11849453276252282
6WzRpISELf3YglGAh7TXcG,94,215466,1,93,0.18651685393258427,0.17971014492753623,0.19557195571955735,0.1707006369426752,0.1335016835016835,0.12398889554188669,0.042615324977387264,0.01167079817571137,7.867803837953092e-06,0.10157796202193099,0.17576019911265017,0.05708286750470373
5sdQOyqq2IDhvmx2lHOpwd,84,154666,0,95,0.16404494382022472,0.18550724637681162,0.1974169741697418,0.15057324840764333,0.16275252525252526,0.12679767024114094,0.01310246801912392,0.03692221386525491,7.334754797441365e-06,0.03043594543995721,0.10282436965696357,0.12646906443432496
7ABLbnD53cQK00mhcaOUVG,87,197920,1,99,0.1707865168539326,0.19710144927536233,0.19182920400632586,0.1332484076433121,0.14591750841750842,0.14827717598388765,0.005039410776586123,0.015157996118215354,0.0003454157782515992,0.016929660336988502,0.12273563467157236,0.047480435197556785
4rXLjWdF2ZZpXCVTfWcshS,84,125040,1,96,0.16404494382022472,0.18840579710144928,0.1963099630996311,0.16866242038216564,0.12171717171717172,0.11886124870720156,0.017108153508205198,0.024409327130387685,0.0,0.06761166087189087,0.03897846553403312,0.09931011916123578
3k79jB4aGmMDUQzEwa46Rz,85,219724,1,97,0.1662921348314607,0.19130434782608696,0.19704797047970485,0.08305732484076433,0.1027777777777778,0.12976974579500297,0.008243959167851145,0.0346657916671641,0.0,0.07456539181599357,0.061053998485012466,0.10998009434734
5w40ZYhbBMAlHYNDaVJIUu,89,184013,1,89,0.17528089887640452,0.1681159420289855,0.19298892988929897,0.07974522292993631,0.1795875420875421,0.13889282020575908,0.005401214627212819,0.0002779173682601233,0.0,0.022947312115538916,0.07209176496050212,0.15371117716030866
1Qrg8KqiBpW07V7PNxwwwL,87,153946,0,92,0.1707865168539326,0.17681159420289855,0.18629414865577232,0.11694267515923569,0.14549663299663299,0.12974797234772195,0.003876469828143172,0.010686177580180834,0.030703624733475477,0.03444771329232415,0.08183097067416949,0.04338205219098519
4DHcnVTT87F0zZhRPYmZ3B,84,200600,0,94,0.16404494382022472,0.18260869565217394,0.19114391143911452,0.1329936305732484,0.13413299663299666,0.14522889336454195,0.011035017444114226,0.012963112707345202,1.0980810234541577e-06,0.0,0.1311762796234174,0.08294658195402611
0WtM2NBVQNNJLh6scP13H8,77,239317,0,92,0.14831460674157304,0.17681159420289855,0.18075909330521878,0.1569426751592357,0.16043771043771046,0.13563768983724347,0.003618038506266961,0.07835833059383167,0.00014264392324093818,0.021877507354907733,0.16493885943079759,0.06794917241567365
7ro0hRteUMfnOioTFI5TG1,94,231704,1,96,0.18651685393258427,0.18840579710144928,0.19478123352662102,0.11898089171974524,0.1591750841750842,0.1485602307985412,0.009639488305982685,0.02933243010804036,0.13411513859275054,0.02134260497459214,0.04200844064495186,0.11836637308101328
67nepsnrcZkowTxMWigSbb,93,246133,1,94,0.1842696629213483,0.18260869565217394,0.1985239852398525,0.09477707006369429,0.1537037037037037,0.13488650590604756,0.0844811991213335,0.0024604930216861457,0.0,0.09729874297940627,0.0772860080077914,0.07473345513047745
1odExI7RdWc4BT515LTAwj,76,212953,0,96,0.14606741573033707,0.18840579710144928,0.19298892988929897,0.08229299363057326,0.08131313131313132,0.08916226661586196,0.002429254425636388,0.17025625284334836,9.402985074626866e-05,0.01626103236159401,0.061486852072286574,0.09943146183840973
4LRPiXqCikLlN15c3yImP7,85,167303,0,91,0.1662921348314607,0.1739130434782609,0.173010015814444,0.08535031847133759,0.14465488215488215,0.1342006423166948,0.00816642977128828,0.07015315896441053,0.00021535181236673778,0.07456539181599357,0.13463910832161027,0.15920295585307995
2dHHgzDwk4BJdRwy9uXhTO,87,221520,1,93,0.1707865168539326,0.17971014492753623,0.18597785977859793,0.135031847133758,0.1212962962962963,0.1269391976484677,0.0062798811215919355,0.08553785576957515,0.0,0.01337255950788981,0.028589979439454606,0.05561175796907807
6HgWWaMu31KdOpEG5l28BG,82,223878,1,88,0.15955056179775284,0.16521739130434787,0.19446494464944664,0.1640764331210191,0.08257575757575758,0.10298840563932284,0.07827884739630445,0.030768335143189066,0.0,0.01690291521797272,0.14134833892435886,0.11707523245984784
3XB5uhhlYSnkxpSihkNQwh,89,172797,1,87,0.17528089887640452,0.16231884057971016,0.19926199261992628,0.16738853503184717,0.14991582491582492,0.11165423765717707,0.08112159193694277,0.10769181916901222,4.712153518123668e-07,0.014683070339663012,0.08248025105508064,0.1537425353802525
6AQbmUe0Qwf5PZnt4HmTXv,76,131013,1,91,0.14606741573033707,0.1739130434782609,0.18929889298893007,0.13019108280254776,0.16106902356902358,0.10245495618093736,0.0066933712365938765,0.051691522798212965,2.7292110874200428e-05,0.057715966836052415,0.17684233308083544,0.10334714912878683
26b3oVLrRUaaybJulow9kz,72,184791,0,91,0.13707865168539327,0.1739130434782609,0.18618871903004752,0.09885350318471338,0.07962962962962963,0.10934625224538674,0.011293448765990439,0.11302518072813594,2.79317697228145e-06,0.018668093073014175,0.14134833892435886,0.09161508466719384
2N0SPREDYqILVEFSsWF5N5,78,182293,0,94,0.15056179775280898,0.18260869565217394,0.19926199261992628,0.11414012738853506,0.11856060606060606,0.12501224756409557,0.00752035146659775,0.0375376017374615,2.942430703624734e-07,0.036052420433270935,0.0699274970241316,0.022997845826629938
6XbtvPmIpyCbjuT0e8cQtp,85,186000,0,97,0.1662921348314607,0.19130434782608696,0.1974169741697418,0.12305732484076436,0.14065656565656565,0.12778836209242828,0.003618038506266961,0.07569164981426979,4.541577825159914e-06,0.020272800213960954,0.048501244454063425,0.05843399776402256
73RbfOTJIjHzi2pcVHjeHM,72,189824,1,90,0.13707865168539327,0.1710144927536232,0.1915129151291513,0.14140127388535034,0.15033670033670032,0.12861575308910786,0.017573329887582378,0.012511828267727038,3.070362473347548e-07,0.017250601765177852,0.1551996537171302,0.1564693371144984
5L3ecxQnQ9qTBmnLQiwf0C,93,185220,1,92,0.1842696629213483,0.17681159420289855,0.19815498154981556,0.1602547770700637,0.12087542087542087,0.1311959065919112,0.00976870396692079,0.0079169321552512,7.121535181236675e-07,0.1708478202728002,0.1071529055297046,0.08714040302129632
3BKD1PwArikchz2Zrlp1qi,86,140017,0,92,0.16853932584269662,0.17681159420289855,0.19256721138639962,0.10624203821656052,0.18232323232323233,0.15525556583746122,0.0017314898565706166,0.00025740443918657044,3.7100213219616205e-05,0.023482214495854505,0.040709879883129546,0.09650560357756388
5VxmI3IdgAxWVvUnJoLuY2,76,117809,0,89,0.14606741573033707,0.1681159420289855,0.19699525566684245,0.11898089171974524,0.17579966329966332,0.12258450819225955,0.014032820777878277,0.0005815087185487053,0.0191044776119403,0.015940090933404656,0.1621253111135159,0.15919613884874434
7FbrGaHYVDmfr7KoLIZnQ7,75,174253,0,94,0.14382022471910114,0.18260869565217394,0.1904059040590406,0.1523566878980892,0.1154040404040404,0.10160579173697676,0.0023258818968859016,0.08923018300281466,8.84861407249467e-07,0.08419363466167423,0.1484904231143816,0.08569928830474736
1Lo0QY9cvc8sUB2vnIOxDT,83,265493,0,91,0.16179775280898878,0.1739130434782609,0.19188191881918826,0.13426751592356687,0.11771885521885522,0.13221925861412007,0.0005427057759400438,0.038152989609668085,0.0,0.02214495854506553,0.13637052267070668,0.05567174760723148
7oDd86yk8itslrA9HRP2ki,94,232857,0,88,0.18651685393258427,0.16521739130434787,0.1904059040590406,0.08815286624203822,0.1013047138047138,0.1215502694464101,0.011112546840677093,0.047588936983502396,0.0,0.10933404653650709,0.10001082133968187,0.013278161044910431
2i2gDpKKWjvnRTOZRhaPh2,83,187557,0,89,0.16179775280898878,0.1681159420289855,0.1904059040590406,0.11566878980891722,0.14297138047138047,0.12196396494474988,0.00752035146659775,0.1048200090987148,0.0,0.036052420433270935,0.18138729574721357,0.10867804651923761
4iZ4pt7kvcaH6Yo8UoZ4s2,87,201800,1,91,0.1707865168539326,0.1739130434782609,0.18634686346863472,0.09528662420382168,0.1067760942760943,0.11359207446518971,0.027884739630443214,0.028922171526569302,0.0,0.020807702594276545,0.07620387403960613,0.11704387423990402
2FDTHlrBguDzQkp7PVj16Q,80,229133,1,96,0.1550561797752809,0.18840579710144928,0.19551924090669495,0.18624203821656055,0.113510101010101,0.10449077350171465,0.05605375371495025,0.038152989609668085,0.0,0.012730676651511098,0.1344226815279732,0.1144356883810978
7KokYm8cMIXCsGVmUvKtqf,100,204852,1,90,0.2,0.1710144927536232,0.18376383763837653,0.1164331210191083,0.1212962962962963,0.11511621577486256,0.010983331179738987,0.015055431472847592,0.0,0.12056699652313452,0.012336327237311984,0.04479998909279306
6dgUya35uo964z7GZXM07g,76,163648,0,90,0.14606741573033707,0.1710144927536232,0.17859778597785994,0.14140127388535034,0.13749999999999998,0.13883838658755648,0.002558470086574493,0.005496406524571965,0.0,0.051297138272265314,0.1497889838762039,0.11156845635753823
4uUG5RXrOk84mYEfFvj3cK,86,175238,1,93,0.16853932584269662,0.17971014492753623,0.18081180811808137,0.09579617834394907,0.1938973063973064,0.15232703717816123,0.002635999483137356,0.0007845867163768783,1.5074626865671643e-06,0.09061246322546135,0.05715831619954551,0.09663649006080766
3xIMkM5LgbVDkpO74O3Np3,75,156391,1,90,0.14382022471910114,0.1710144927536232,0.19773326304691619,0.14191082802547772,0.16738215488215488,0.10942245931087041,0.00974286083473317,0.0006266371625105215,8.955223880597014e-06,0.01973789783364536,0.06624824153230172,0.09389605431789055
6GGtHZgBycCgGBUhZo81xe,89,209156,0,90,0.17528089887640452,0.1710144927536232,0.19483394833948342,0.07770700636942676,0.0648989898989899,0.06627837352348812,0.00033596071843907467,0.14543560866434943,0.018251599147121534,0.021877507354907733,0.027291418677632295,0.05839582253974314
1Ukxccao1BlWrPhYkcXbwZ,76,169573,0,89,0.14606741573033707,0.1681159420289855,0.19441222983658424,0.12203821656050957,0.07605218855218857,0.11161069076261498,0.014446310892880218,0.1798973295079182,0.0001631130063965885,0.020807702594276545,0.1521696786062115,0.03371554004308346
1Y3LN4zO1Edc2EluIoSPJN,74,176440,0,91,0.1415730337078652,0.1739130434782609,0.1741697416974171,0.09324840764331213,0.10656565656565659,0.1341897555930543,0.001162940948442951,0.1593844004343654,0.0,0.04541321208879381,0.06538253435775351,0.06002917677855642
5eTaQYBE1yrActixMAeLcZ,84,186496,0,90,0.16404494382022472,0.1710144927536232,0.19114391143911452,0.11490445859872614,0.17369528619528618,0.1347340917750803,0.004419175604083215,0.0077528287226627775,0.009509594882729212,0.012998127841668894,0.05759116978681962,0.11704796444250537
5LrN7yUQAzvthd4QujgPFr,77,242484,0,91,0.14831460674157304,0.1739130434782609,0.1952029520295204,0.09834394904458599,0.0872053872053872,0.09125251755484187,0.0004393332471895599,0.11158927569298725,1.9765458422174842e-05,0.024284568066327894,0.05607618223136025,0.10206964251629265
59uQI0PADDKeE6UZDTJEe8,87,163854,1,89,0.1707865168539326,0.1681159420289855,0.18914074855034269,0.08458598726114651,0.1328703703703704,0.1337216264765119,0.0029978033337640536,0.09415328598046735,0.0,0.031773201390746186,0.10347365003787473,0.19999999999999998
6vWu5uWlox5TVDPl3LvoG3,76,219400,0,68,0.14606741573033707,0.10724637681159421,0.19557195571955735,0.019872611464968156,0.19642255892255892,0.16060094714495673,0.015919369427574624,0.0,0.0,0.030970847820272804,0.05737474299318257,0.1265522318872195
2YmJZWGcy0yONMCsEKOuVD,68,214723,0,71,0.12808988764044946,0.11594202898550723,0.19704797047970485,0.058089171974522284,0.17516835016835017,0.14248543900713082,0.008502390489727354,0.00019135280756973032,2.2174840085287845e-05,0.09489168226798608,0.06516610756411646,0.14577345731191887
3XV77GNuIPYff6T7bzjYy9,74,187653,0,61,0.1415730337078652,0.08695652173913045,0.2,0.0901910828025478,0.18611111111111112,0.1716291981928039,0.010957488047551365,0.0058246133897488115,7.036247334754798e-06,0.028831238299010437,0.10109295530786713,0.07676901262509205
7LJETXmpThAx6IvUzczYNR,78,215601,0,68,0.15056179775280898,0.10724637681159421,0.19188191881918826,0.11745222929936308,0.15875420875420876,0.13479941211692342,0.01359348753068872,6.150596653414084e-05,2.098081023454158e-05,0.016047071409467772,0.16905096850990156,0.0774384424508494
1PYG9Akj0LAZZUDXzV9m1S,67,182746,0,73,0.1258426966292135,0.12173913043478263,0.19425408539799688,0.11082802547770701,0.1553872053872054,0.13433128300038105,0.008760821811603568,0.008388729523942916,4.2857142857142857e-07,0.06065792992778818,0.11061573422789746,0.08992446759196138
5NRtdsFFlmyE8qDMgS08PE,77,192440,0,71,0.14831460674157304,0.11594202898550723,0.18966789667896686,0.14038216560509556,0.1031986531986532,0.09193838114419464,0.0032562346556402645,0.008881039821708184,0.0009253731343283582,0.009146830703396629,0.11083216102153451,0.09526627218934909
5BgnL6gHauuvxe4Ok6W1aC,76,205368,1,78,0.14606741573033707,0.13623188405797101,0.1940432261465473,0.0537579617834395,0.1884259259259259,0.1579663600239508,0.0524357152086833,5.740338071943027e-05,0.0,0.048087723990371756,0.07577102045233203,0.17440623892236795
4amltxLIfFmtYEvZbdgDqO,71,240000,1,69,0.1348314606741573,0.1101449275362319,0.18966789667896686,0.0896815286624204,0.16338383838383838,0.1464373196886397,0.002687685747512599,8.694199858534636e-05,0.0,0.18288312382990102,0.08096526349962127,0.07617456984702642
2KReCz1L5XkGIBhDncQ5VZ,77,164682,0,81,0.14831460674157304,0.1449275362318841,0.18856088560885614,0.1113375796178344,0.1412878787878788,0.14833160960209027,0.0021191368393849337,0.00020037849636209354,0.0,0.012677186413479542,0.12273563467157236,0.10068851743789708
6s3MpvQ1ulwrTuRhBgv0Eu,64,236953,1,66,0.11910112359550562,0.10144927536231885,0.1963099630996311,0.10063694267515924,0.1884259259259259,0.13255674704697623,0.010388939139423698,0.00019648103983811854,3.304904051172708e-06,0.0940893286975127,0.06451682718320531,0.09250811223515938
0uuxAXS1X7kH0WjC0nD6q9,52,190611,1,59,0.09213483146067417,0.08115942028985508,0.1985239852398525,0.08585987261146498,0.18211279461279462,0.15744379728920582,0.015738467502261277,0.0016174116367631238,0.0,0.015271462958010164,0.1484904231143816,0.1116066315818177
1H4Y9uW4N0LsxJUz0VnaPJ,70,204676,0,81,0.13258426966292133,0.1449275362318841,0.17121771217712195,0.06929936305732486,0.16632996632996633,0.14142942681400034,0.014885644140069777,0.0005158673455133363,0.00026652452025586353,0.018133190692698586,0.03486635645492913,0.11298639325934612
7505qe0xzCuDPaILCURnOC,67,227546,0,73,0.1258426966292135,0.12173913043478263,0.19446494464944664,0.10573248407643313,0.17243265993265994,0.1317402427739372,0.027626308308567,0.004163066134791031,0.00015330490405117273,0.014495854506552552,0.15238610539984854,0.14014397513156818
0QligzLNiKkIKW1Ea2MFHt,58,195278,0,71,0.1056179775280899,0.11594202898550723,0.1963099630996311,0.10394904458598726,0.14107744107744108,0.16003483751564967,0.0014989016668820266,0.07138393470882369,0.0,0.031773201390746186,0.06646466832593877,0.0746639216862542
6jXwOrrBoutMICNxckeDNQ,67,312084,0,65,0.1258426966292135,0.09855072463768116,0.19815498154981556,0.006114649681528656,0.12992424242424244,0.14943116868978282,0.0029719602015764314,0.023588809967445574,0.001724946695095949,0.023214763305696714,0.012466183313494214,0.12567556512965944
4zx4H3Q0ASymmPgbfUmeRo,70,202776,0,68,0.13258426966292133,0.10724637681159421,0.1963099630996311,0.06471337579617835,0.18421717171717172,0.14265962658537915,0.010543997932549424,0.00079689447382101,0.09317697228144989,0.023482214495854505,0.1103993074342604,0.10244594115561856
2TNyNqT3RBXhtNV7OiAgiC,70,245225,0,64,0.13258426966292133,0.09565217391304348,0.19815498154981556,0.09630573248407644,0.1819023569023569,0.13441837678950522,0.002558470086574493,0.007445134786559485,6.695095948827293e-06,0.1441027012570206,0.10477221079969704,0.09653968859924195
4LltjSEOq80cOSFeIM6LOz,54,257946,0,58,0.09662921348314607,0.07826086956521738,0.19356879283078554,0.08866242038216561,0.18611111111111112,0.15060693484295903,0.0031270189947021584,0.0006389449199546533,0.00011130063965884862,0.059320673976999194,0.063218266421383,0.10204510130068443
2BtFhZlm9Sz5FAiYIjChUl,63,182706,1,62,0.11685393258426967,0.08985507246376812,0.19957828149710083,0.07719745222929937,0.15307239057239058,0.12963910511131677,0.021423956583537924,0.0023374154472448287,0.0,0.017411072479272535,0.12230278108429826,0.13334878520982738
2kDApipZtTzjwGfKujcg2z,67,233626,1,70,0.1258426966292135,0.11304347826086958,0.19583552978386934,0.11363057324840767,0.17685185185185184,0.16082956834140766,0.01961493733040445,0.012963112707345202,0.0,0.07830970847820273,0.18138729574721357,0.04819076704932786
72zjYe2aysOkIR7l6KQIhR,67,194227,1,62,0.1258426966292135,0.08985507246376812,0.1915129151291513,0.09222929936305735,0.13476430976430978,0.13918676174405314,0.0016022741956325103,0.003937423914981949,0.0,0.021075153784434343,0.05109836597770806,0.04481907670493279
6JfISacOvddHFsPkE8bE3Z,48,149416,0,56,0.08314606741573034,0.07246376811594205,0.1987875593041645,0.08101910828025478,0.17180134680134682,0.125752544771651,0.005866391006589999,0.00011217290134581634,9.466950959488273e-07,0.02481947044664349,0.11018288064062334,0.04485861533007936
1ZngTOTM9nWJZOnG3vWkUF,61,152133,1,60,0.11235955056179776,0.08405797101449275,0.19778597785977878,0.1327388535031847,0.16906565656565656,0.14146208698492188,0.014678899082568808,0.002932290390377861,0.0006950959488272921,0.007167691896228939,0.1733795043826426,0.08571564911515284
0oigSejhoNen2EdNAIFcm5,59,187693,1,67,0.10786516853932585,0.10434782608695653,0.1915129151291513,0.04305732484076433,0.18674242424242427,0.2,0.013645173795063963,0.01201951796996177,0.0,0.07108852634394222,0.1134292825451791,0.027232568919913838
1byxxkw33SsLEYNRKdmaOQ,39,174641,1,53,0.06292134831460675,0.06376811594202898,0.19594095940959413,0.09554140127388538,0.14633838383838382,0.13061891023896358,0.007597880863160614,0.0007004837071753118,0.01906183368869936,0.07322813586520459,0.1266313169570393,0.14974095383524666
71MVjTIeOQzPkEmfgL3uNc,53,168975,1,61,0.09438202247191013,0.08695652173913045,0.1974169741697418,0.07643312101910829,0.16317340067340066,0.15033476675194601,0.005995606667528105,5.883928575457897e-05,3.5607675906183377e-07,0.004974592136935009,0.10282436965696357,0.05557903634826711
1C1PabZfidunDI3xEj0D0H,61,228533,0,60,0.11235955056179776,0.08405797101449275,0.19699525566684245,0.058853503184713364,0.17327441077441078,0.12499047411681455,0.02374983848042383,0.02851191294509825,5.266524520255864e-07,0.013800481412142285,0.06733037550048697,0.15115752733618737
16Wp9vdeUWQSESvgYFhksa,61,219973,0,67,0.11235955056179776,0.10434782608695653,0.19815498154981556,0.06980891719745223,0.17180134680134682,0.13785858145990965,0.014808114743506913,0.0022143378728035116,5.266524520255864e-07,0.07911206204867612,0.14913970349529276,0.12661358492624
3GpoRL1PBnTerVSaVG5tGW,64,197320,1,64,0.11910112359550562,0.09565217391304348,0.19915656299420148,0.05248407643312103,0.18632154882154883,0.15766153176201625,0.01566093810569841,1.1823652317995857e-05,0.00036247334754797443,0.09890345012035305,0.17229737041445736,0.17577236659122514
5XYoKiujAKGiHwnU2G0P7C,61,190222,0,54,0.11235955056179776,0.06666666666666668,0.19483394833948342,0.08101910828025478,0.18106060606060606,0.13844646453649775,0.033570228711719864,0.010665664651107281,0.00021961620469083162,0.072693233484889,0.05131479277134511,0.14431052818149592
3l6RgZRKf4FfSc2FJlesEL,62,188708,0,64,0.1146067415730337,0.09565217391304348,0.19773326304691619,0.06802547770700638,0.1873737373737374,0.137510206303413,0.017935133738209073,0.026255490747007438,0.06588486140724946,0.016688954265846486,0.05607618223136025,0.1025781910397295
1TJmuC4kMe1ewZdybH159I,61,223785,1,62,0.11235955056179776,0.08985507246376812,0.1939377965208225,0.04305732484076433,0.2,0.17511294975777042,0.04080630572425378,0.004675889361629853,6.993603411513859e-06,0.07643755014709815,0.012704252786494969,0.11972977394813625
2uqCJn5VFTf3sZEDJZvvX0,52,187699,0,60,0.09213483146067417,0.08405797101449275,0.19446494464944664,0.1164331210191083,0.14191919191919192,0.13756463992161558,0.005039410776586123,0.0005015082951618492,5.842217484008529e-06,0.006124632254613534,0.1824694297153988,0.07887137676219563
36h5JAbSei6u5AcZJji05T,43,217582,0,56,0.07191011235955057,0.07246376811594205,0.1915129151291513,0.018089171974522294,0.1278198653198653,0.11813183822328671,0.0035405091097040968,7.689066333930547e-05,1.5692963752665247e-06,0.020807702594276545,0.007877935288388706,0.028261936574591664
4k6NV1b3icM8BRCkT57oPV,51,275827,0,58,0.0898876404494382,0.07826086956521738,0.19177648919346346,0.06191082802547772,0.19137205387205386,0.13040117576615318,0.053986303139940565,2.3466790860144454e-06,0.16588486140724948,0.032575554961219576,0.07468888648414676,0.18133095192648543
6KiqAya4ntBbCLyH7Rf2Sk,58,190392,0,56,0.1056179775280899,0.07246376811594205,0.1987348444913021,0.11821656050955416,0.1819023569023569,0.13757552664525613,0.0033337640522031263,0.006952824488794217,6.481876332622602e-06,0.028028884728537047,0.1357212422897955,0.06387533062471028
2N9j5SNc6cQMYpUeyXYlBV,54,184910,1,56,0.09662921348314607,0.07246376811594205,0.1903531892461782,0.09095541401273888,0.16822390572390572,0.12888792118012085,0.009458586380669338,0.0022143378728035116,0.0,0.01695640545600428,0.1320419867979656,0.1525304720093802
09DR0sHnQUhHOiSNttc1mv,68,234933,0,78,0.12808988764044946,0.13623188405797101,0.19225092250922524,0.08229299363057326,0.15854377104377104,0.1285830929181863,0.0043933324718955944,0.0005343289816795337,1.6119402985074628e-06,0.015886600695373093,0.0694946434368575,0.0951940119433916
5UrwXORPNlSUuR0SemqM3O,61,198226,0,58,0.11235955056179776,0.07826086956521738,0.1988929889298895,0.06089171974522294,0.18379629629629632,0.1520875292580698,0.015376663651634577,0.016306720146334313,0.0007100213219616205,0.05744851564589462,0.05802402337409373,0.09683963679000898
621bFmNYKldPwZQExIK3VU,53,233320,0,60,0.09438202247191013,0.08405797101449275,0.19815498154981556,0.0715923566878981,0.17285353535353534,0.13740133906700777,0.004703450058147048,0.0021117732274357473,0.0010106609808102347,0.018668093073014175,0.12489990260794288,0.12644588661958386
3p84R45PM75ngq8XRoe45o,47,181750,1,66,0.08089887640449439,0.10144927536231885,0.19325250395361115,0.1024203821656051,0.15875420875420876,0.13669370203037398,0.0033337640522031263,0.006747695198058689,2.8571428571428574e-05,0.04059909066595346,0.12122064711611301,0.05998963815340985
71Ohbh25hv8SzzZCfq8i4B,49,244444,0,57,0.08539325842696631,0.07536231884057971,0.19836584080126532,0.09630573248407644,0.12803030303030302,0.11634641554624135,0.026851014342938368,0.01720928902557064,3.2835820895522396e-07,0.11040385129713826,0.13637052267070668,0.03233850516728927
1ugQO8HhKXJ2kXaKJ6bznA,43,175386,0,55,0.07191011235955057,0.06956521739130435,0.19557195571955735,0.048662420382165616,0.1654882154882155,0.12088617930433837,0.015118232329758369,0.009127194970590818,0.0016695095948827292,0.009548007488633325,0.061486852072286574,0.1511875221552641
4SWtsP55DukeFexQmcai28,43,114872,0,53,0.07191011235955057,0.06376811594202898,0.19667896678966806,0.0901910828025478,0.18484848484848485,0.15071580207936422,0.00498772451221088,1.9331384358916197e-05,0.0,0.17031291789248462,0.08637593334054759,0.07335369345294902
7vys2uYSgV5eN1QvdBw6iz,49,170494,1,54,0.08539325842696631,0.06666666666666668,0.19815498154981556,0.05248407643312103,0.14823232323232324,0.14181046214141854,0.016927251582891847,0.01571184520320128,0.0,0.02562182401711688,0.06668109511957582,0.08291113353148093
1pJk9Ai1GNT0HPWdRpgbBx,54,184615,0,66,0.09662921348314607,0.10144927536231885,0.19667896678966806,0.10675159235668791,0.15791245791245792,0.11915519024549562,0.011138389972864711,0.002686135241495227,0.00012238805970149252,0.09382187750735492,0.16125960393896768,0.13468900826220923
5IiyHmNFsTx6PLI2diNH98,58,144986,0,66,0.1056179775280899,0.10144927536231885,0.1988402741170269,0.03770700636942676,0.19600168350168348,0.15190245495618093,0.03150277813671017,5.321053801679605e-06,0.001208955223880597,0.0946242310778283,0.07382317930959856,0.15373980857851824
0xfMFT9G8Ekk7CEYtVabIm,63,171322,0,58,0.11685393258426967,0.07826086956521738,0.1902477596204534,0.07057324840764333,0.19684343434343435,0.14599096401937836,0.010931644915363742,0.0001833527652310447,1.769722814498934e-06,0.07964696442899172,0.10866789308516399,0.15923976767649223
7JmnFOR3DUiRTkEybOlDqh,60,197781,0,56,0.11011235955056181,0.07246376811594205,0.19704797047970485,0.10191082802547771,0.14654882154882154,0.14535953404822818,0.005168626437524229,0.0007333043936929963,3.240938166311301e-06,0.03284300615137738,0.06300183962774594,0.10485779728955907
7uUCmwEwG2OAo1Q9rXis7E,41,189579,0,56,0.06741573033707866,0.07246376811594205,0.19815498154981556,0.0537579617834395,0.1755892255892256,0.16788416526046487,0.00545290089158806,4.521049567811046e-06,0.003006396588486141,0.004600160470714094,0.09698084622876313,0.0488888282932948
6fNCrsrdIcgVd2aZZ0nnz4,82,142334,1,76,0.15955056179775284,0.13043478260869565,0.19957828149710083,0.1844585987261147,0.1511784511784512,0.14905013336236458,0.010388939139423698,0.08902505371207914,0.0,0.014281893554426318,0.1738123579699167,0.061115807269653405
1oZqJaE23GEn4SOFQcnTPB,84,211472,1,74,0.16404494382022472,0.12463768115942031,0.19984185556141282,0.1296815286624204,0.16233164983164983,0.12247564095585434,0.003023646465951673,0.12840987753330058,1.396588486140725e-06,0.023749665686012302,0.19545503733362193,0.13730537452621822
4mGrWfDISjNjgeQnH1B8IE,83,186455,0,89,0.16179775280898878,0.1681159420289855,0.19330521876647355,0.09146496815286627,0.07415824915824916,0.10735398181917151,0.010233880346297972,0.12451242100932554,1.3155650319829426e-05,0.017304092003209415,0.10001082133968187,0.13740081258691678
7mLPSkAJraASgNk6ywyTkp,89,154374,0,87,0.17528089887640452,0.16231884057971016,0.19926199261992628,0.11439490445859875,0.14339225589225588,0.13918676174405314,0.008683292415040704,0.015465690054318646,0.0,0.04701791922974058,0.17424521155719083,0.14007171488561065
6irysuQyZWd7Bjj7ePiOs2,82,231693,1,89,0.15955056179775284,0.1681159420289855,0.1985239852398525,0.16458598726114648,0.15054713804713804,0.1528278264656252,0.006745057500969118,0.056819755066601176,0.0,0.02481947044664349,0.04417270858132237,0.06926076404984594
1LFXWfARjkBkc9Abofmgp8,89,195653,0,70,0.17528089887640452,0.11304347826086958,0.2,0.14649681528662423,0.18674242424242427,0.14270317347994121,0.029435327561700482,0.032409369469073294,3.646055437100213e-07,0.09114736560577695,0.10931717346607513,0.07619502086003326
609E1JCInJncactoMmkDon,81,194543,0,93,0.15730337078651688,0.17971014492753623,0.19188191881918826,0.14853503184713376,0.12634680134680135,0.11968863970388113,0.028918464917948056,0.1509740995142087,0.00017846481876332624,0.03765712757421771,0.10607077156151934,0.0516578954544215
2UW7JaomAMuX9pZrjVpHAU,75,234352,1,96,0.14382022471910114,0.18840579710144928,0.1915129151291513,0.15974522292993634,0.09162457912457911,0.13049915627891787,0.0798294353275617,0.04369148045952735,2.5799573560767594e-07,0.011607381652848355,0.11234714857699386,0.15373844517765112
7yci6r0cjX0Np5AshDZOsR,82,188411,0,65,0.15955056179775284,0.09855072463768116,0.1999472851871376,0.09910828025477708,0.1593855218855219,0.15172826737793263,0.003928156092518414,0.11897393015946625,0.0,0.12404386199518587,0.1580132020344119,0.10276906716112673
4zzyCocu8LZVqctOGSfVKz,89,186000,0,83,0.17528089887640452,0.15072463768115943,0.1988929889298895,0.1740127388535032,0.15664983164983168,0.15503783136465082,0.025041995089804887,0.0010307418652595124,1.466950959488273e-05,0.0076758491575287515,0.1452440212098258,0.08026749925012953
7bPp2NmpmyhLJ7zWazAXMu,92,209415,1,93,0.18202247191011234,0.17971014492753623,0.19699525566684245,0.09477707006369429,0.17306397306397306,0.1438245060149148,0.006770900633156738,0.080819882082658,0.0,0.020807702594276545,0.12792987771886163,0.15080031630900115
2hn2zOA2XFlv6DSmesylrL,77,150618,1,88,0.14831460674157304,0.16521739130434787,0.19773326304691619,0.15439490445859877,0.17853535353535355,0.16422622611725002,0.007236077012533918,0.0104400224312982,7.569296375266526e-05,0.0076758491575287515,0.18961151390542155,0.05432743435224823
2SOvWt6igzXViIjIiWNWEP,87,222461,1,88,0.1707865168539326,0.16521739130434787,0.19667896678966806,0.14980891719745223,0.17853535353535355,0.15168472048337056,0.0062540379894043185,0.034050403794957516,6.609808102345416e-07,0.10612463225461354,0.17359593117627967,0.09931829956643852
6XSqqQIy7Lm7SnwxS4NrGx,89,195986,1,95,0.17528089887640452,0.18550724637681162,0.19225092250922524,0.17171974522293,0.12929292929292932,0.14016656687169995,0.03486238532110092,0.029742688689511416,0.0,0.023482214495854505,0.13680337625798078,0.05849535080304311
2VOXLA9TzOAVCjDi7RY5DV,75,346000,1,84,0.14382022471910114,0.15362318840579714,0.1985239852398525,0.08101910828025478,0.10635521885521887,0.10796363834304067,0.07491924021191369,0.09969177683032661,0.0,0.022947312115538916,0.1270641705443134,0.03891146074768903
435g6uM0Atz3MyYwafHEss,85,165848,0,87,0.1662921348314607,0.16231884057971016,0.1988402741170269,0.10980891719745223,0.16632996632996633,0.15890261825703555,0.010931644915363742,0.012306698976991508,0.0,0.08178657395025409,0.15281895898712264,0.12889591797780384
4eMKD8MRroxCqugpsxCCNb,81,232131,1,92,0.15730337078651688,0.17681159420289855,0.19699525566684245,0.1579617834394905,0.1396043771043771,0.15140166566871702,0.002894430805013567,0.02912730081730483,7.91044776119403e-06,0.14196309173575822,0.15238610539984854,0.08842063643552477
7EpOXgSRgnglRWr86pZfGU,89,173005,0,88,0.17528089887640452,0.16521739130434787,0.19778597785977878,0.1709554140127389,0.14212962962962963,0.13871863262751077,0.04390748158676832,0.12040983519461497,6.162046908315566e-06,0.015458678791120617,0.08161454388053242,0.09680146156572955
4PzxlHzDM3bDafkHjg1XCX,83,219642,1,82,0.16179775280898878,0.14782608695652175,0.1988929889298895,0.12433121019108283,0.16338383838383838,0.15450438190626534,0.051143558599302245,0.015793896919495492,0.00013113006396588486,0.07082107515378443,0.10477221079969704,0.074706187113135
4PA1wK0leCjmRZlP5dQ8Lv,71,191320,1,91,0.1348314606741573,0.1739130434782609,0.19557195571955735,0.135031847133758,0.12592592592592594,0.11075063959501388,0.007081018219408192,0.014091323806390605,0.0,0.018052955335651245,0.027940699058543458,0.0665380525182014
3oNnzH6hmqIGIhJ1NcHlrh,81,160535,0,89,0.15730337078651688,0.1681159420289855,0.19662625197680567,0.12636942675159238,0.15749158249158252,0.14011213325349736,0.008941723736916915,0.0685121246385263,4.371002132196162e-07,0.07028617277346884,0.07793528838870255,0.055802634090475284
6Rpbzk2LC8xWZI93RyodAq,85,196600,0,81,0.1662921348314607,0.1449275362318841,0.1829731154454402,0.18242038216560513,0.11477272727272728,0.11923139731097927,0.0684584571650084,0.0006184319908811005,5.053304904051173e-05,0.017919229740572345,0.0777188615950655,0.05568265481416845
1UMm1Qs3u59Wvk53zBUE8r,84,156500,1,92,0.16404494382022472,0.17681159420289855,0.19662625197680567,0.1528662420382166,0.17243265993265994,0.14224593108703937,0.016849722186328984,0.018111857904806964,0.0,0.01623428724257823,0.19956714641272594,0.0994887246748289
6pD0ufEQq0xdHSsRbg9LBK,85,194563,0,94,0.1662921348314607,0.18260869565217394,0.19314707432788616,0.09783439490445861,0.14318181818181816,0.14793968755103154,0.006021449799715725,0.04676841982056028,0.0,0.06359989301952394,0.11299642895790503,0.03538979630791044
3dnP0JxCgygwQH9Gm7q7nb,80,165671,0,93,0.1550561797752809,0.17971014492753623,0.1914602003162889,0.12305732484076436,0.15033670033670032,0.1359642915464591,0.002351725029073524,0.09907638895812003,4.029850746268657e-06,0.013773736293126504,0.17186451682718323,0.12383497395904344
7mXuWTczZNxG5EDcjFEuJR,92,212878,1,94,0.18202247191011234,0.18260869565217394,0.19699525566684245,0.11745222929936308,0.1457070707070707,0.1148222742365685,0.005375371495025198,0.04430686833173394,0.0,0.10238031559240438,0.1803051617790283,0.11307637771657625
1Hs1uUl8o2VtDp1DABFq0O,75,338000,0,92,0.14382022471910114,0.17681159420289855,0.19551924090669495,0.16,0.13434343434343435,0.15314354145120027,0.004160744282207004,0.021947775641561345,0.0,0.020272800213960954,0.1285791580997728,0.08568974449867749
0If7xxzqs7Dv1SSO2MFKXF,80,211707,0,78,0.1550561797752809,0.13623188405797101,0.195150237216658,0.17146496815286627,0.13623737373737374,0.11822981873605139,0.022457681871042773,0.0059271780351165745,0.0,0.013078363198716237,0.16277459149442708,0.15100209963733535
0J9g1MMJDhyvOb3NWckHMm,73,219333,1,90,0.13932584269662923,0.1710144927536232,0.19662625197680567,0.1699363057324841,0.17622053872053872,0.16459637472102773,0.026334151699185945,0.012347724835138614,1.373134328358209e-06,0.009628242845680661,0.11169786819608273,0.054294712731437295
05OnZaYopHpb0z7ktT2FIF,87,215172,1,85,0.1707865168539326,0.15652173913043477,0.1974169741697418,0.11006369426751593,0.12866161616161617,0.15294758042567091,0.037705129861739246,0.019158017287558157,1.3155650319829424e-06,0.12163680128376571,0.12684774375067637,0.15914978321926213
4t46soaqA758rbukTO5pp1,84,188666,1,70,0.16404494382022472,0.11304347826086958,0.19704797047970485,0.15847133757961787,0.13076599326599328,0.11653148984813021,0.006615841840031012,0.00379383341146708,0.0,0.022947312115538916,0.17835732063629484,0.09645788454721459
6k5wiT5l9DK8iZmhvEvoqo,73,275040,1,87,0.13932584269662923,0.16231884057971016,0.19261992619926202,0.16764331210191086,0.15791245791245792,0.14129878613031407,0.0047809794547099115,0.04635816123908922,2.601279317697228e-07,0.05825086921636801,0.16364029866897528,0.04886019687508521
1MB8kTH7VKvAMfL9SHgJmG,79,215600,0,90,0.15280898876404495,0.1710144927536232,0.19446494464944664,0.16101910828025479,0.1699074074074074,0.15628980458331065,0.009975449024421762,0.007198979637676852,0.0,0.05343674779352769,0.18311871009630998,0.09524445777547515
6UR1k5NGqgNGzgVmMtT768,70,178836,1,86,0.13258426966292133,0.15942028985507248,0.19673168160253046,0.1388535031847134,0.14886363636363636,0.1323281258505253,0.006977645690657708,0.024819585711858744,0.0,0.014094677721315863,0.13853479060707719,0.05568129141330134
3kmWIej9tXjSWWYc9tPjJk,82,166734,0,87,0.15955056179775284,0.16231884057971016,0.19588824459673174,0.1523566878980892,0.1734848484848485,0.16007838441021174,0.009045096265667399,0.0389735067726102,0.0,0.03551751805295534,0.14870684990801863,0.07200938019796581
5NhLA2P7AiV3cloVmwtwLS,81,355795,1,84,0.15730337078651688,0.15362318840579714,0.19699525566684245,0.11949044585987263,0.16148989898989902,0.1468074682924174,0.02116552526166171,0.008224626091354492,0.0,0.10478737630382454,0.08486094578508822,0.1447140948381643
33vrRiIiut4rOFmkgorJD6,73,255373,0,81,0.13932584269662923,0.1449275362318841,0.19847127042699012,0.0904458598726115,0.05542929292929293,0.07622883893092375,5.168626437524124e-05,0.11753802512431755,1.2196162046908317e-06,0.017919229740572345,0.045254842549507644,0.04870749597796742
505v13epFXodT9fVAJ6h8k,89,170480,1,91,0.17528089887640452,0.1739130434782609,0.1904059040590406,0.18726114649681533,0.1372895622895623,0.1557781285722062,0.012947409225998192,0.0375376017374615,0.0,0.031238299010430595,0.10931717346607513,0.0679041801870586
7CSmXJNeArnwDfUmtP4Gve,78,147603,1,76,0.15056179775280898,0.13043478260869565,0.19472851871375862,0.12560509554140128,0.08341750841750842,0.1099014751510533,0.06639100658999872,0.06174285804425386,3.7953091684434965e-07,0.02161005616474994,0.05932258413591605,0.05027131677255747
4xU4XeklG562EnanWzpY3A,81,146559,1,86,0.15730337078651688,0.15942028985507248,0.19815498154981556,0.16560509554140126,0.15622895622895625,0.13470143160415873,0.06949218245251325,0.00914770789966437,0.0,0.012088793795132387,0.14589330159073696,0.04863250893027569
368eeEO3Y2uZUQ6S5oIjcu,84,158965,1,92,0.16404494382022472,0.17681159420289855,0.19483394833948342,0.1531210191082803,0.17032828282828283,0.1383702574710141,0.008993410001292158,0.055999237903659065,0.0,0.01973789783364536,0.19978357320636297,0.09263763531753606
51FvjPEGKq2zByeeEQ43V9,81,189668,0,91,0.15730337078651688,0.1739130434782609,0.19077490774907757,0.15031847133757964,0.13329124579124582,0.14111371182842522,0.00519446956971185,0.006419488332881845,0.0011023454157782517,0.02134260497459214,0.14243047289254412,0.0911433479671693
0PB0O24JqAuNdOAFVJljMS,82,208125,1,90,0.15955056179775284,0.1710144927536232,0.1915129151291513,0.12687898089171976,0.15159932659932662,0.1270480648848729,0.005168626437524229,0.008757962247266868,0.0,0.017143621289114737,0.02101504166215778,0.12650723965860441
0qCPD6ilr9nXkI4KVZgcns,75,220650,0,87,0.14382022471910114,0.16231884057971016,0.19451765946230903,0.13197452229299364,0.0811026936026936,0.09350606934842959,0.0017314898565706166,0.16061517617877855,3.1556503198294244e-07,0.02161005616474994,0.08139811708689537,0.09799171052272788
2iIBpwP4FyQ95xgVail3yr,77,203636,1,88,0.14831460674157304,0.16521739130434787,0.1939905113336849,0.14445859872611466,0.130976430976431,0.1358663110336944,0.011138389972864711,0.019916995663279615,3.454157782515992e-06,0.031238299010430595,0.10931717346607513,0.10201646988247481
4KULAymBBJcPRpk1yO4dOG,84,227195,0,74,0.16404494382022472,0.12463768115942031,0.2,0.062165605095541414,0.08615319865319866,0.10798541179032171,0.0056338028169014105,0.11364056860034254,4.264392324093817e-07,0.018668093073014175,0.02491072394762472,0.027919722956943782
78Du4CMFgnhdlG33gblkiP,70,187244,0,87,0.13258426966292133,0.16231884057971016,0.19926199261992628,0.12560509554140128,0.04638047138047138,0.057492787545588155,0.009846233363483654,0.1544612974567127,0.0,0.07215833110457341,0.10563791797424525,0.08802252338232486
4pCbJC43j3gSqG6Fen6upD,84,227466,0,73,0.16404494382022472,0.12173913043478263,0.2,0.10140127388535032,0.06468855218855218,0.12877905394371567,0.0016798035921953731,0.10133281115621083,0.0,0.08981010965498797,0.09135374959419978,0.02979439914923785
0HEytGQM3bG1vKxER7IgVK,84,169467,1,72,0.16404494382022472,0.11884057971014493,0.2,0.10675159235668791,0.08425925925925926,0.10854063469598825,0.011810311409742862,0.08389682144369093,0.0,0.013773736293126504,0.027940699058543458,0.020407384179096346
00syWkRGIVQvYsg2OwfBUw,84,209320,1,73,0.16404494382022472,0.12173913043478263,0.2,0.05681528662420381,0.11856060606060606,0.11106635458058896,0.003876469828143172,0.04840945414644451,1.7100213219616204e-05,0.017384327360256753,0.027940699058543458,0.1185817904180187
7K3BhSpAxZBznislvUMVtn,87,163854,1,88,0.1707865168539326,0.16521739130434787,0.19077490774907757,0.07821656050955415,0.1328703703703704,0.1329160089271134,0.0038247835637679286,0.09579432030635159,0.0,0.02936614067932602,0.09481657829239261,0.19987184031849042
41WQUSINanQHfhfKpFDsms,84,191185,0,71,0.16404494382022472,0.11594202898550723,0.19963099630996323,0.06777070063694268,0.12382154882154882,0.15047629415927277,0.006047292931903347,0.12307651597417685,0.0,0.028563787108852642,0.08983876203874042,0.12256837455348622
3EvZ03hGAFwGZ2Ebcu86YH,84,189053,1,71,0.16404494382022472,0.11594202898550723,0.2,0.10394904458598726,0.07436868686868688,0.10185618638070873,0.0022741956325106594,0.14030737639596122,1.5863539445629e-06,0.01765177855041455,0.06062114489773836,0.026643579745316726
5pIVEk6Di7n1v5khOzJaJL,84,190946,1,74,0.16404494382022472,0.12463768115942031,0.2,0.048917197452229305,0.14234006734006732,0.11517064939306515,0.0031787052590774006,0.0044502471418207705,0.001959488272921109,0.028296335918694845,0.047635537279515215,0.11595860714967413
0GMiRrUnQuoGddKMsxGPIZ,84,171426,0,72,0.16404494382022472,0.11884057971014493,0.2,0.08611464968152867,0.12466329966329966,0.1290294485874476,0.008812508075978808,0.011096436161651891,5.607675906183369e-07,0.01053757689221717,0.02491072394762472,0.09765222370681426
7eOuUmpnHBlg5zsm8Cs7c3,84,186186,0,73,0.16404494382022472,0.12173913043478263,0.2,0.07235668789808918,0.03459595959595959,0.0940939524250177,0.005349528362837577,0.12451242100932554,3.667377398720683e-07,0.025354372826959085,0.03789633156584786,0.032635726556322076
1HwDRgozGBMyfJTQUfz09A,84,242200,0,72,0.16404494382022472,0.11884057971014493,0.2,0.07872611464968154,0.059848484848484845,0.09919982581242175,0.002558470086574493,0.14728177228096917,6.204690831556504e-07,0.011286440224659,0.03594849042311438,0.08817522427944265
3itgPtXSu4I9mr2QD6yrzP,84,216026,1,71,0.16404494382022472,0.11594202898550723,0.2,0.05859872611464967,0.07584175084175085,0.0907299548200969,0.003928156092518414,0.13907660065154806,4.157782515991471e-06,0.06627440492110191,0.08334595822962886,0.03277752024650287
7C1BLYzAvR0KdBpov3GpUZ,84,182855,0,71,0.16404494382022472,0.11594202898550723,0.2,0.04229299363057325,0.11561447811447811,0.131903543628545,0.00067192143687815,0.13907660065154806,1.1812366737739872e-05,0.02267986092538112,0.06884536305594634,0.04785809723774986
67aaFVnfvFWjxVQMd0jDb5,84,187270,1,70,0.16404494382022472,0.11304347826086958,0.2,0.10445859872611465,0.0771043771043771,0.1370203037395896,0.00041349011500193893,0.15917927114362984,9.104477611940298e-07,0.051297138272265314,0.021880748836705984,0.035648842472663825
2pUYbyOIOSfDfsnCR3KceZ,84,319195,0,71,0.16404494382022472,0.11594202898550723,0.2,0.06369426751592358,0.07521043771043773,0.10647215720428937,0.00498772451221088,0.16041004688804303,0.00014413646055437098,0.02161005616474994,0.011081051834217079,0.03659367927358002
44IXD2J5yyr7PpOZzz2cmQ,84,107266,0,72,0.16404494382022472,0.11884057971014493,0.2,0.10573248407643313,0.0771043771043771,0.07486799847585868,0.09585217728388681,0.1725126750414392,0.0,0.10719443701524473,0.05888973054864194,0.06431979930739236
6Otmq7JokHh38wKSqUimcS,84,187729,0,71,0.16404494382022472,0.11594202898550723,0.2,0.08866242038216561,0.07268518518518519,0.10056066626748679,0.006951802558470086,0.17435883865805893,0.000255863539445629,0.01920299545332977,0.02685856509035819,0.02673492760341394
4ueTr01dkL360w1knfh21C,84,249452,0,70,0.16404494382022472,0.11304347826086958,0.2,0.11464968152866245,0.014814814814814815,0.059757226062816395,0.00726192014472154,0.16799983064525756,1.353944562899787e-06,0.012703931532495317,0.012963964938859436,0.020778229214953772
3WMj8moIAXJhHsyLaqIIHI,84,228013,0,89,0.16404494382022472,0.1681159420289855,0.1741697416974171,0.046878980891719754,0.03122895622895623,0.0600293941538294,0.004109058017831762,0.11384569789107807,1.7803837953091684e-06,0.01690291521797272,0.023395736392165353,0.16095083576473151
6wsqVwoiVH2kde4k4KKAFU,93,211582,1,93,0.1842696629213483,0.17971014492753623,0.1985239852398525,0.18904458598726118,0.12108585858585859,0.1439660334222416,0.007701253391911101,0.0038143463405406323,0.0,0.01920299545332977,0.16818526133535336,0.08294112835055763
3qQbCzHBycnDpGskqOWY0E,80,165671,0,89,0.1550561797752809,0.1681159420289855,0.19372693726937273,0.12305732484076436,0.15033670033670032,0.1359642915464591,0.002351725029073524,0.09907638895812003,4.029850746268657e-06,0.013773736293126504,0.17186451682718323,0.12383497395904344
5W4kiM2cUYBJXKRudNyxjW,87,157477,0,86,0.1707865168539326,0.15942028985507248,0.19077490774907757,0.13936305732484078,0.16738215488215488,0.13780414784170705,0.002687685747512599,0.054358203577774836,0.0,0.15239368815191226,0.12749702413158753,0.08529844844981321
7KA4W4McWYRpgf0fWsJZWB,83,180386,1,93,0.16179775280898878,0.17971014492753623,0.08265682656826581,0.095031847133758,0.10845959595959598,0.09191660769691362,0.018555368910711977,0.07610190839574084,1.5970149253731345e-06,0.020540251404118748,0.12554918298885406,0.0291726883538298
4QctbZRsuWYPT0pbKg7u75,85,194563,0,82,0.1662921348314607,0.14782608695652175,0.1988402741170269,0.09834394904458599,0.14234006734006732,0.14779816014370475,0.005607959684713788,0.04369148045952735,0.0,0.06386734420968174,0.10866789308516399,0.03635644752270062
3cBsEDNhFI9E82vPj3kvi3,87,178520,0,87,0.1707865168539326,0.16231884057971016,0.14944649446494473,0.08152866242038218,0.1290824915824916,0.1352675412334658,0.001989921178446829,0.0765121669772119,0.00022814498933901919,0.025086921636801287,0.045904122930418796,0.18929321299048343
0bILU0UiNDmA5Ff6whhb2R,73,178723,0,86,0.13932584269662923,0.15942028985507248,0.19446494464944664,0.0980891719745223,0.1318181818181818,0.12134342169724022,0.0008528233621914981,0.0873840193861949,0.0,0.020272800213960954,0.11970565956065363,0.11420254683281979
1i9lZvlaDdWDPyXEE95aiq,93,353754,1,92,0.1842696629213483,0.17681159420289855,0.1985239852398525,0.06955414012738854,0.10340909090909092,0.1394698165587067,0.0010337252875048462,0.11794828370578861,0.0,0.03631987162342873,0.03811275835948491,0.03499168325471054
68Dni7IE4VyPkTOH9mRWHr,84,292799,1,90,0.16404494382022472,0.1710144927536232,0.032314180284660134,0.1286624203821656,0.10046296296296298,0.0998639159544935,0.08138002325881899,0.06646083173117101,0.0,0.00566996523134528,0.09827940699058546,0.058444904970959555
42VsgItocQwOQC3XWZ8JNA,93,191700,1,94,0.1842696629213483,0.18260869565217394,0.1985239852398525,0.09783439490445861,0.17643097643097644,0.16208154156006752,0.009277684455355989,0.006481027120102502,0.0,0.02936614067932602,0.03486635645492913,0.12390178060153245
0V3wPSX9ygBnCm8psDIegu,100,200690,0,93,0.2,0.17971014492753623,0.18376383763837653,0.11515923566878983,0.12613636363636366,0.12077731206793317,0.007184390748158676,0.026665749328478497,3.8379530916844347e-07,0.02936614067932602,0.1067200519424305,0.05432743435224823
4Dvkj6JhhA12EX05fT7y2e,85,167303,0,91,0.1662921348314607,0.1739130434782609,0.1756457564575646,0.08535031847133759,0.14465488215488215,0.1342006423166948,0.00816642977128828,0.07015315896441053,0.00021535181236673778,0.07456539181599357,0.13463910832161027,0.15920295585307995
4lIxdJw6W3Fg4vUIYCB0S5,100,231000,0,83,0.2,0.15072463768115943,0.03004744333157632,0.10522292993630573,0.15622895622895625,0.13165314898481303,0.003669724770642203,0.0005179186384206916,0.0003411513859275054,0.02267986092538112,0.09005518883237748,0.05161563002754071
25OeKzcqakFPaJlXHPE5lm,83,186455,0,84,0.16179775280898878,0.15362318840579714,0.19483394833948342,0.089171974522293,0.07394781144781144,0.10734309509553103,0.010156350949735108,0.12246112810197025,1.4456289978678038e-05,0.017304092003209415,0.09698084622876313,0.13720448286205109
5XeFesFbtLpXzIVDNQP22n,84,183956,0,94,0.16404494382022472,0.18260869565217394,0.008276225619399113,0.0710828025477707,0.07857744107744108,0.0905775406891296,0.00038764698281431795,0.027896525072891667,0.004690831556503198,0.017437817598288313,0.09503300508602969,0.014134376789463644
1p80LdxRV74UKvL8gnD7ky,100,231826,0,83,0.2,0.15072463768115943,0.03004744333157632,0.14471337579617835,0.1335016835016835,0.1332970442545316,0.010414782271611321,0.01743493124537972,3.49680170575693e-07,0.026156726397432474,0.1175413916242831,0.05296130668339105
3hUxzQpSfdDqwM3ZTFQY0K,100,261922,0,92,0.2,0.17681159420289855,0.14059040590405908,0.08840764331210192,0.12192760942760944,0.0920690218278809,0.0023258818968859016,0.11035849994857408,1.5522388059701494e-05,0.01612730676651511,0.07858456876961371,0.04468682682082186
3Ua0m0YmEjrMi9XErKcNiR,82,212241,0,94,0.15955056179775284,0.18260869565217394,0.19188191881918826,0.11312101910828028,0.14507575757575758,0.1330357628871591,0.004600077529396563,0.0005117647596986257,0.0,0.0868681465632522,0.06971107023049455,0.08567611049000629
1s7oOCT8vauUh01PbJD6ps,77,239317,0,82,0.14831460674157304,0.14782608695652175,0.19367422245651034,0.15643312101910833,0.15959595959595962,0.1357465570736487,0.0033596071843907485,0.0879994072584015,0.0002729211087420043,0.03712222519390212,0.16688670057353105,0.06796144302347776
5PUXKVVVQ74C3gl5vKy9Li,68,194857,0,85,0.12808988764044946,0.15652173913043477,0.19836584080126532,0.138343949044586,0.0947811447811448,0.08749659789886233,0.00038764698281431795,0.10584565555239245,0.0008187633262260129,0.011687617009895693,0.11213072178335681,0.06523327788836474
7MXVkk9YMctZqd1Srtv4MB,94,230453,1,92,0.18651685393258427,0.17681159420289855,0.07011070110701123,0.125859872611465,0.11435185185185184,0.11594360677154213,0.06509884998061766,0.028922171526569302,1.353944562899787e-06,0.028028884728537047,0.09654799264148904,0.17566329452185528
2LBqCSwhJGcFQeTHMVGwy3,94,260253,0,90,0.18651685393258427,0.1710144927536232,0.07005798629414865,0.1021656050955414,0.1013047138047138,0.11433237167274508,0.009665331438170305,0.02276829280450346,0.0,0.027226531158063658,0.1013093821015042,0.10425653750715785
6AF00PUvxgVktZBMs7Apd4,70,170971,0,70,0.13258426966292133,0.11304347826086958,0.19240906694781243,0.12917197452229298,0.0,0.04977410048445921,0.012301330921307663,0.19343586269646307,0.0,0.021877507354907733,0.03400064928038092,0.06507512338777847
43MifzVnh8W3jJN0xqU9jR,57,130384,0,79,0.10337078651685394,0.1391304347826087,0.1976805482340538,0.11414012738853506,0.12613636363636366,0.10389200370148605,0.0002842744540638327,0.021742646350825817,0.001771855010660981,0.2,0.0935180175305703,0.0636449158781665
2USW8uFqLToqFKSVXDOEN8,70,124608,0,76,0.13258426966292133,0.13043478260869565,0.18218239325250407,0.13197452229299364,0.008901515151515152,0.022393990528550425,0.0031787052590774006,0.16923060638967072,6.204690831556504e-07,0.011553891414816794,0.06559896115139056,0.07207891364218909
5cI23aJ66Gw2a4N8l4dGYw,55,194604,0,76,0.09887640449438202,0.13043478260869565,0.19847127042699012,0.09707006369426752,0.02954545454545454,0.06702955745468402,0.003618038506266961,0.15671771965480352,0.0,0.028831238299010437,0.08183097067416949,0.05445286723202354
7p9fBwLcoG5zdAukb2xgSr,70,234417,0,70,0.13258426966292133,0.11304347826086958,0.19261992619926202,0.09146496815286627,0.03396464646464646,0.0784497305535899,0.009820390231296034,0.1798973295079182,0.0,0.03658732281358653,0.06819608267503519,0.06130941019278489
4kRLRWnn5u9wO2wOKAAdEN,67,129776,1,89,0.1258426966292135,0.1681159420289855,0.19483394833948342,0.13783439490445862,0.17453703703703705,0.15832562190408797,0.0006460783046905276,0.04102479967996549,3.646055437100213e-07,0.01687617009895694,0.14827399632074453,0.10619665694107379
2bFabpKKu22phRjaQPkYV8,53,141762,0,74,0.09438202247191013,0.12463768115942031,0.19778597785977878,0.14394904458598728,0.08362794612794613,0.11670567742637852,0.019149760951027262,0.01792724154314499,0.0,0.03284300615137738,0.14459474082891463,0.08824066752106455
1uUqPjsPhymf3TkWfbrMzR,57,172010,0,73,0.10337078651685394,0.12173913043478263,0.19573010015814454,0.04535031847133759,0.08236531986531986,0.04502748897719231,0.0019123917818839647,0.08820453654913701,0.0,0.11200855843808505,0.11840709879883132,0.02854416055408611
684yJVwS41anCimZla5jk9,53,114593,1,70,0.09438202247191013,0.11304347826086958,0.19804955192409077,0.1477707006369427,0.18295454545454548,0.17100865494529424,0.047783951414911485,0.009045143254296607,0.0001004264392324094,0.04701791922974058,0.1244670490206688,0.11295367163853516
38RLObegC9ggpKPRVQDc1g,54,149391,1,76,0.09662921348314607,0.13043478260869565,0.19667896678966806,0.11337579617834398,0.1513888888888889,0.13907789450764793,0.016823879054141365,0.00806052265876607,0.0,0.1786039047873763,0.05521047505681205,0.14314482044010576
19kHhX6f6EfLU7rcO3RqjO,69,209482,0,69,0.1303370786516854,0.1101449275362319,0.19926199261992628,0.11082802547770701,0.15096801346801347,0.11303685155952317,0.0389972864711203,0.04246070471511418,3.1343283582089554e-05,0.06333244182936613,0.03335136889946976,0.12112725983693723
3B9CL5t32mM2SDdps2IhYM,61,235574,0,77,0.11235955056179776,0.13333333333333336,0.1976805482340538,0.1029299363057325,0.14844276094276096,0.12574165804801046,0.010828272386613259,0.10276871619135952,5.223880597014925e-07,0.08312382990104306,0.12208635429066123,0.1286518692225888
3d6BjQ0QOLTzuKoOQbeGgG,60,285071,0,62,0.11011235955056181,0.08985507246376812,0.1985239852398525,0.049171974522293,0.09962121212121214,0.1315225083011268,0.010285566610673215,0.13374323909242433,0.0,0.015405188553089061,0.10217508927605241,0.19448913369508902
2ZWmmrWUgDBcPSLihBMvhg,66,177291,0,78,0.12359550561797755,0.13623188405797101,0.19847127042699012,0.11082802547770701,0.1875841750841751,0.18682706439497035,0.058896498255588584,0.04676841982056028,0.0009445628997867804,0.007461888205402513,0.11234714857699386,0.04140784773539115
6XsFgTG4dY768oIB4Dmeu0,67,278219,0,88,0.1258426966292135,0.16521739130434787,0.19478123352662102,0.04535031847133759,0.0731060606060606,0.10054977954384628,0.0010337252875048462,0.16512802057496018,2.8571428571428575e-07,0.02214495854506553,0.08897305486419221,0.05483052927221661
0T9uzv2TqgzU2F3z54vWX7,51,187853,0,72,0.0898876404494382,0.11884057971014493,0.19678439641539286,0.09095541401273888,0.14255050505050504,0.13682434271406022,0.03150277813671017,0.0707685468366171,0.0,0.025354372826959085,0.06516610756411646,0.05835492051372944
1m5GbHeEUhvCgpuVb1q4Z4,14,211200,0,35,0.006741573033707865,0.011594202898550732,0.19541381128097,0.15847133757961787,0.15664983164983168,0.14639377279407761,0.0751776715337899,0.08902505371207914,0.0,0.020540251404118748,0.18593225841359165,0.12673901780601535
0NaUT74rJ0NHS62fewzatU,78,126600,0,84,0.15056179775280898,0.15362318840579714,0.1976805482340538,0.07439490445859874,0.10972222222222222,0.10195416689347342,0.002403411293448766,3.894174455323271e-05,0.00023454157782515996,0.04300615137737363,0.0,0.12920540997464072
4VnDmjYCZkyeqeb0NIKqdA,70,110160,0,82,0.13258426966292133,0.14782608695652175,0.19815498154981556,0.001273885350318471,0.08236531986531986,0.05670894344347069,0.002403411293448766,0.04779406627423793,0.19999999999999998,0.018133190692698586,0.005280813764744076,0.11091811414392057
7jPdqwZug0ovtDZsY5uK4T,68,222633,0,81,0.12808988764044946,0.1449275362318841,0.19815498154981556,0.04254777070063694,0.12297979797979797,0.12417396984377552,0.004832665719085153,0.005414354808277754,1.0106609808102346e-05,0.016849424979941165,0.07512174007142086,0.11353039020532818
0R6lC6F082eap1AJd8W54d,53,227298,0,75,0.09438202247191013,0.12753623188405797,0.17527675276752783,0.10598726114649681,0.0710016835016835,0.05350824669315768,0.00749450833441013,0.17723064872835634,0.0005735607675906184,0.0807167691896229,0.06797965588139813,0.09246312000654432
7AOJcugo17Kr1WUheSI6Oq,65,157058,0,83,0.12134831460674159,0.15072463768115943,0.19446494464944664,0.16611464968152867,0.18947811447811447,0.12137608186816179,0.08473963044320972,0.022152904932296873,1.8038379530916842e-05,0.020005349023803156,0.13875121740071425,0.15381070542360864
6usohdchdzW9oML7VC4Uhk,66,210688,0,78,0.12359550561797755,0.13623188405797101,0.19667896678966806,0.09579617834394907,0.11792929292929294,0.14431440857873823,0.0024809406900116304,0.040819670389229956,4.051172707889126e-06,0.01920299545332977,0.043739854994048276,0.14010170970468735
6NbXYfMZULpf1sGxp8Qx0P,61,218709,0,78,0.11235955056179776,0.13623188405797101,0.1830258302583026,0.04356687898089172,0.08741582491582492,0.11952533884927333,0.002610156350949735,0.07897371846603825,6.439232409381664e-07,0.02562182401711688,0.02231360242398009,0.09126469064434324
5sPKAEb7afrIMtdqEnI6H6,58,221500,0,79,0.1056179775280899,0.1391304347826087,0.036794939377965366,0.11312101910828028,0.16001683501683503,0.12713515867399705,0.02039023129603308,0.0034656265462902343,0.00010597014925373137,0.03872693233484889,0.05499404826317499,0.09931693616557141
4XSIv5hJzP6kEQqsLli1eE,58,212608,0,79,0.1056179775280899,0.1391304347826087,0.18966789667896686,0.10012738853503185,0.0550084175084175,0.08564585487997388,0.0004393332471895599,0.1956922848945539,0.01232409381663113,0.05290184541321209,0.03400064928038092,0.05828947727210754
5qolX8ncpZ8R6TfKbvTzbA,65,256000,1,74,0.12134831460674159,0.12463768115942031,0.1900896151818662,0.1709554140127389,0.08489057239057239,0.10674432529530238,0.02013179997415687,0.15261513384009293,0.0,0.020272800213960954,0.07598744724596908,0.08576882174897063
6c4Po8zyQjB4cR5XgLhcGb,60,117606,0,82,0.11011235955056181,0.14782608695652175,0.19114391143911452,0.15566878980891724,0.08657407407407408,0.10780033748843286,0.019537407933841584,0.1306662997313914,7.654584221748401e-07,0.03311045734153517,0.06754680229412402,0.05834946691026095
4kcgrgZhd4h8chSAJ86mIq,57,137647,0,77,0.10337078651685394,0.13333333333333336,0.19667896678966806,0.135031847133758,0.16864478114478115,0.14677480812149585,0.02917689623982427,0.0055784582408661765,0.0001511727078891258,0.04755282161005617,0.13139270641705447,0.15388296566956616
1acVBP8BcK6LTeNeFjfxnh,71,256000,0,84,0.1348314606741573,0.15362318840579714,0.14117026884554562,0.03770700636942676,0.0486952861952862,0.07650100702193674,0.0008011370978162548,0.15999978830657197,0.012515991471215352,0.049692431131318535,0.02599285791580998,0.0027213481307774012
2AcCBpYHVbeV2IUU4iHP2Y,64,163021,0,72,0.11910112359550562,0.11884057971014493,0.1974169741697418,0.09273885350318474,0.09646464646464646,0.09788253225191879,0.0037214110350174447,0.12020470590387944,3.3475479744136463e-06,0.01687617009895694,0.15281895898712264,0.1402230523818613
0645eBDehHcqfiF15hscQV,72,223390,0,83,0.13707865168539327,0.15072463768115943,0.1915129151291513,0.10012738853503185,0.08425925925925926,0.06769364759675577,0.010414782271611321,0.0902558294564923,0.0,0.03043594543995721,0.06927821664322045,0.025728737763477217
4D1k6x4MXTaSnljSvAXhaf,78,127741,1,86,0.15056179775280898,0.15942028985507248,0.19841855561412772,0.14012738853503187,0.15454545454545454,0.15714985575091178,0.006357410518154799,0.00021432728813210948,0.0053304904051172716,0.01607381652848355,0.05153121956498217,0.09397922177078505
006oGnrSZevqZTimsD2oh4,66,259703,0,80,0.12359550561797755,0.14202898550724638,0.1963099630996311,0.10980891719745223,0.17643097643097644,0.12080997223885473,0.016875565318516604,0.06748647818484865,3.752665245202559e-07,0.042471248997058036,0.12966129206795804,0.1048250756687481
5RHIevCuoIZcY1AlnJ01fN,59,166778,0,72,0.10786516853932585,0.11884057971014493,0.19704797047970485,0.06955414012738854,0.18232323232323233,0.16742692286756303,0.025558857733557306,0.0029528033194514136,1.0767590618336886e-06,0.0025140411874832835,0.05910615734227899,0.15923704087475798
3tYxhPqkioZEV5el3DJxLQ,60,249514,0,78,0.11011235955056181,0.13623188405797101,0.0,0.07821656050955415,0.1511784511784512,0.11814272494692722,0.0037989404315803077,0.00011196777205508082,0.026652452025586356,0.08927520727467236,0.08074883670598422,0.09887519428462355
1A7qPfbcyRVEdcZiwTFhZI,63,209416,0,80,0.11685393258426967,0.14202898550724638,0.18819188191881936,0.07235668789808918,0.17895622895622898,0.12328125850525284,0.004832665719085153,4.8172562636331485e-05,4.136460554371002e-05,0.02481947044664349,0.09005518883237748,0.033016115398249384
61DuXKQqvXkxcrAIiNLIgR,53,206500,0,74,0.09438202247191013,0.12463768115942031,0.19225092250922524,0.10471337579617834,0.15601851851851853,0.14569702248108432,0.0031528621268897793,0.038152989609668085,0.0,0.03551751805295534,0.141781192511633,0.08570474190821585
5DgY6Ab0vpyUMKnY9ubFOF,83,207647,0,78,0.16179775280898878,0.13623188405797101,0.1985239852398525,0.13707006369426752,0.17853535353535355,0.12962821838767624,0.036154541930481975,0.020922129187883703,0.0,0.03043594543995721,0.1067200519424305,0.06112807787745751
4rH2IQ3tNg5clDOnzut7RV,70,315975,0,75,0.13258426966292133,0.12753623188405797,0.19815498154981556,0.07974522292993631,0.10361952861952864,0.10111588917315334,0.002170823103760176,0.12943552398697822,0.0,0.08954265846483017,0.06018829131046425,0.06007144220543723
4sTY5k1xidkZWbtvVZrft3,58,221538,0,73,0.1056179775280899,0.12173913043478263,0.1986821296784397,0.12993630573248408,0.11919191919191918,0.11850198682706439,0.01945987853727872,0.153025392421564,0.0003752665245202559,0.009307301417491308,0.1158099772751867,0.13476944891336948
1olWQ1LOUYs4VBwx5N8Lz9,77,225826,0,82,0.14831460674157304,0.14782608695652175,0.19847127042699012,0.08891719745222931,0.07689393939393939,0.08824778183005827,0.0035405091097040968,0.17312806291364577,0.00013987206823027717,0.02214495854506553,0.04395628178768532,0.0957052872685627
3QAU2pj4LUKf7yaTgANlQV,64,199512,0,85,0.11910112359550562,0.15652173913043477,0.19409594095940969,0.17834394904458603,0.11266835016835015,0.13635621359751782,0.009174311926605505,0.000651252677398785,0.0,0.010323615940090935,0.16818526133535336,0.08981675892345867
3jFtRQn3m73Tpzry0zT7aN,70,174892,0,66,0.13258426966292133,0.10144927536231885,0.19314707432788616,0.13222929936305733,0.012079124579124578,0.039377279407762235,0.016565447732265152,0.1835896567411577,0.0,0.054506552554158864,0.1103993074342604,0.08063152728165135
29BKcbb239PTW5SOF8MKtw,70,243078,0,61,0.13258426966292133,0.08695652173913045,0.19256721138639962,0.12713375796178347,0.012079124579124578,0.06411191551902455,0.014110350174441144,0.18851275971881043,7.953091684434969e-07,0.06333244182936613,0.05153121956498217,0.08458947999890927
69deJvtc3As5msMX7NojOu,70,156235,0,66,0.13258426966292133,0.10144927536231885,0.19225092250922524,0.12993630573248408,0.005155723905723903,0.02947036089488868,0.014472154025067841,0.11897393015946625,0.0,0.020807702594276545,0.09460015149875556,0.0765835901071633
2DcCkjQPNR9XCspy4A6rNt,70,136440,0,65,0.13258426966292133,0.09855072463768116,0.18550342646283619,0.11592356687898092,0.0327020202020202,0.0652114746067171,0.010647370461299908,0.18399991532262877,3.326226012793177e-05,0.029098689489168224,0.07598744724596908,0.06414119379379926
16fnXtA8Uo7AV1bpQTfJws,70,102260,0,66,0.13258426966292133,0.10144927536231885,0.19225092250922524,0.1421656050955414,0.00942760942760943,0.0380817592945403,0.016281173278201316,0.17723064872835634,4.413646055437101e-07,0.025086921636801287,0.08161454388053242,0.07680173424590298
1BHse4ulQefGTZZIeziZqr,56,166839,1,73,0.10112359550561799,0.12173913043478263,0.19694254085398005,0.14547770700636944,0.10761784511784514,0.12124544118447554,0.001162940948442951,0.040204282517023376,0.0,0.0379245787643755,0.10888431987880104,0.06790690698879286
2mIm1qg6fERruq0pHb3B15,70,146634,0,62,0.13258426966292133,0.08985507246376812,0.19277807063784938,0.11566878980891722,0.02680976430976431,0.05742746720374503,0.011319291898178062,0.1364099198719862,3.240938166311301e-07,0.013131853436747793,0.09676441943512609,0.11581272325689196
4bD0ZrIzTaGLGZzYUbZOjz,70,157709,0,62,0.13258426966292133,0.08985507246376812,0.18550342646283619,0.10598726114649681,0.015446127946127947,0.059626585379130154,0.014601369686005944,0.18092297596159584,0.0,0.018106445573682805,0.05759116978681962,0.05809451094810896
3lyrNUQ61WtUKqIVLReTjj,70,170202,0,61,0.13258426966292133,0.08695652173913045,0.18550342646283619,0.13146496815286624,0.012079124579124578,0.04774916988732241,0.011887840806305722,0.1942563798594052,8.294243070362473e-07,0.03471516448248195,0.07793528838870255,0.07612548741580999
3GBAjiD69p9oKmlf1BGGz7,70,142186,0,64,0.13258426966292133,0.09565217391304348,0.19588824459673174,0.14343949044585988,0.027861952861952862,0.07147134070001633,0.007055175087220572,0.16389724483054702,0.0,0.045145760898636006,0.0835623850232659,0.05213099555531318
3FZFTF27zwcpOHYHTTdxUD,70,183143,0,60,0.13258426966292133,0.08405797101449275,0.18835002635740655,0.12025477707006371,0.02596801346801347,0.08644058570573186,0.017935133738209073,0.1624613397953983,0.0,0.08579834180262103,0.11213072178335681,4.090202601368942e-05
2loB2luVtvPmExCpFwFijs,70,198911,0,62,0.13258426966292133,0.08985507246376812,0.19588824459673174,0.12433121019108283,0.012289562289562288,0.048652767949485615,0.01000129215660938,0.18543582035777748,0.0,0.02776143353837925,0.0658153879450276,0.059566983884601736
55a01VsdKH2OeSXLGy9wd5,47,193399,0,66,0.08089887640449439,0.10144927536231885,0.19667896678966806,0.12458598726114652,0.1088804713804714,0.12201839856295248,0.0008528233621914981,0.09989690612106214,0.0,0.022412409735223328,0.07425603289687265,0.11024323071469473
22VHOlVYBqytsrAqV8yXBK,80,213817,1,87,0.1550561797752809,0.16231884057971016,0.19799683711122837,0.12280254777070065,0.11982323232323232,0.11450655925099343,0.0018607055175087228,0.024819585711858744,0.0,0.02161005616474994,0.13875121740071425,0.07483025659204319
6XEt23sq6sRgER8sSZbCR5,70,192000,1,72,0.13258426966292133,0.11884057971014493,0.1985239852398525,0.20000000000000007,0.13034511784511785,0.13487561918240706,0.035379247964853346,0.08717889009545937,0.0,0.020807702594276545,0.15043826425711507,0.08565565947699944
3SRtygyWBQnoxuOPtdBPm2,80,227826,0,70,0.1550561797752809,0.11304347826086958,0.19963099630996323,0.10522292993630573,0.1720117845117845,0.13405911490936803,0.009381056984106474,0.016696465798731817,0.0001390191897654584,0.040866541856111264,0.1307434260361433,0.14287759387014967
5SGWCqheDXPlYnv9aQs795,70,142205,1,71,0.13258426966292133,0.11594202898550723,0.1985239852398525,0.16662420382165605,0.11308922558922559,0.12701540471395134,0.027884739630443214,0.07015315896441053,0.0,0.01182134260497459,0.11234714857699386,0.08564611567092957
7AtQxohgEu5dRYdcY4gB6G,51,142739,1,71,0.0898876404494382,0.11594202898550723,0.19167105956773867,0.1755414012738854,0.03333333333333333,0.00926460181808284,0.2,0.014932353898406274,0.0,0.028831238299010437,0.05629260902499731,0.10611076268644506
71BWZa1liIRyUiuJ3MB66o,69,251666,0,83,0.1303370786516854,0.15072463768115943,0.07896678966789672,0.06853503184713376,0.07184343434343435,0.05243046105274616,0.0018607055175087228,0.05887104797395645,2.1257995735607676e-05,0.007863064990639209,0.022530029217617143,0.13328197856733837
1558CwDaXSZiCplq9AaH0q,57,146769,0,74,0.10337078651685394,0.12463768115942031,0.19815498154981556,0.16,0.1290824915824916,0.12076642534429266,0.010957488047551365,0.053332557124097194,0.0,0.009334046536507089,0.16558813981170872,0.0529108608513075
0dWSN9JS8vAcnM8a6lxIrB,52,200061,0,71,0.09213483146067417,0.11594202898550723,0.19557195571955735,0.16,0.14465488215488215,0.11987371400576996,0.009897919627858895,0.08656350222325279,1.8528784648187634e-05,0.028563787108852642,0.16082675035169358,0.07891636899081067
187zHzb6JDM4YDSFNGkQ9u,59,187893,1,73,0.10786516853932585,0.12173913043478263,0.18413284132841332,0.06904458598726115,0.11098484848484846,0.14407490065864678,0.04158159968988242,0.00726051842489751,0.0,0.030970847820272804,0.017552212963964944,0.14011398031249145
7icwQvajsokotDfM3tefW6,66,157125,1,77,0.12359550561797755,0.13333333333333336,0.19594095940959413,0.14114649681528665,0.10361952861952864,0.07426922867563006,0.07336865228065642,0.04738380769276687,0.0,0.08499598823214763,0.1298777188615951,0.03461402121451749
12usPU2WnqgCHAW1EK2dfd,66,196466,0,84,0.12359550561797755,0.15362318840579714,0.1974169741697418,0.07490445859872612,0.17979797979797982,0.13995971912253008,0.03744669853986304,0.0027476740287158854,0.0,0.07082107515378443,0.12966129206795804,0.12928994082840237
3vvNycHphIEXaIdOB4wIbZ,52,60945,1,72,0.09213483146067417,0.11884057971014493,0.18386926726410133,0.07414012738853504,0.17369528619528618,0.16257144412389093,0.025041995089804887,0.00021842987394682007,0.0,0.1649638940893287,0.13680337625798078,0.14016442614457503
56v8WEnGzLByGsDAXDiv4d,84,151373,0,89,0.16404494382022472,0.1681159420289855,0.19815498154981556,0.15974522292993634,0.14844276094276096,0.12275869577050787,0.004031528621268898,0.022152904932296873,0.0,0.007408397967370955,0.1733795043826426,0.10608622147083686
1mFpMoeZfkIqtqW2AfQ8ba,82,162000,0,70,0.15955056179775284,0.11304347826086958,0.2,0.135031847133758,0.14612794612794613,0.14419465461869252,0.008683292415040704,0.0004071488214235062,0.0,0.04701791922974058,0.06927821664322045,0.1403062198347558
3OgdnA3LYpJ6vxrfk6X3p4,66,173913,1,60,0.12359550561797755,0.08405797101449275,0.2,0.15363057324840768,0.10193602693602695,0.11950356540199228,0.012611448507559117,0.05723001364807223,0.0005479744136460554,0.018935544263171972,0.0917866031814739,0.06923349603250349
4RoKNqyZ9622tcAeNPNv5k,78,153346,1,64,0.15056179775280898,0.09565217391304348,0.1999472851871376,0.15872611464968156,0.12424242424242425,0.11867617440531274,0.038221992505491666,0.017455444174453272,0.0,0.025354372826959085,0.11451141651336437,0.05844763177269381
6ffrYPrHM70FScnrtHIcPh,80,195000,1,65,0.1550561797752809,0.09855072463768116,0.19989457037427522,0.1470063694267516,0.09183501683501682,0.12051603070056068,0.005943920403152864,0.12533293817226765,0.0,0.015645894624231077,0.1207877935288389,0.09651378398276661
3b5MPNYlX8ztJowxAwzTai,77,217209,0,68,0.14831460674157304,0.10724637681159421,0.2,0.06114649681528664,0.09814814814814815,0.13964400413695496,0.0012921566093810574,0.024204197839652157,0.0,0.08285637871088526,0.025776431122172927,0.11290458920731875
1llzRvV9QpuNHjPu0rVQSp,75,172375,1,65,0.14382022471910114,0.09855072463768116,0.2,0.1699363057324841,0.14549663299663299,0.15312176800391925,0.035379247964853346,0.000427661750497059,0.0,0.018935544263171972,0.11516069689427554,0.04546123851334769
4NQfLaqLd1Fms4UTkkTj7J,75,164742,1,57,0.14382022471910114,0.07536231884057971,0.2,0.12407643312101913,0.10404040404040404,0.12079908551521422,0.02039023129603308,0.0020461318544003778,9.829424307036248e-05,0.10933404653650709,0.005713667352018181,0.1059048891555095
6gs5VDiNpbBfXHsAj2c9SB,66,230909,0,57,0.12359550561797755,0.07536231884057971,0.2,0.08738853503184714,0.19326599326599325,0.1345707909204725,0.007055175087220572,0.00654256590732316,0.010341151385927505,0.11976464295266112,0.011275835948490425,0.10200283587380361
4ajAhp58D3zWqtpGJFG2NB,82,222333,1,63,0.15955056179775284,0.09275362318840581,0.1999472851871376,0.16178343949044585,0.18085016835016834,0.15493985085188614,0.012172115260369556,0.030563205852453534,4.243070362473347e-06,0.04220379780690024,0.10607077156151934,0.05842309055708559
3x43Q2uKL0Zwekouxc2p8l,72,208913,1,48,0.13707865168539327,0.04927536231884058,0.2,0.147515923566879,0.14234006734006732,0.13132654727559742,0.012947409225998192,0.0346657916671641,0.0006673773987206824,0.0167959347419096,0.09373444432420736,0.06930575627846099
73LBcJygFdRAiJfWkpnf2G,80,255160,1,68,0.1550561797752809,0.10724637681159421,0.1999472851871376,0.1847133757961784,0.11161616161616161,0.12751619400141528,0.018503682646336735,0.047588936983502396,2.7292110874200428e-05,0.07777480609788713,0.11840709879883132,0.07889182777520248
7BWN70acf9J6f37SCNNCCQ,67,255920,1,57,0.1258426966292135,0.07536231884057971,0.2,0.11184713375796179,0.08825757575757576,0.09712046159708236,0.0035405091097040968,0.13682017845345726,0.0034115138592750536,0.02776143353837925,0.022530029217617143,0.1292735800179969
0Ikbwd2FModLCQrZGJlRUI,56,223333,1,50,0.10112359550561799,0.05507246376811595,0.2,0.07541401273885351,0.06069023569023568,0.043176745958303855,0.005763018477839514,0.059691565136898564,2.4946695095948825e-06,0.023214763305696714,0.05261335353316742,0.022437488070242397
6jYo2opycXJs1wj2jENEiq,61,259167,1,50,0.11235955056179776,0.05507246376811595,0.2,0.13554140127388536,0.08657407407407408,0.13002014043873497,0.0022225093681354177,0.03958889464481679,2.0660980810234542e-05,0.014656325220647233,0.09611513905421494,0.046134758541706414
768tjNAwyH3nIFee5BIdcl,76,216306,0,63,0.14606741573033707,0.09275362318840581,0.1999472851871376,0.034140127388535044,0.0507996632996633,0.06381797398073048,0.0028685876728259474,0.19999999999999996,0.00029637526652452026,0.018935544263171972,0.04200844064495186,0.026812641452839948
4inoOfvjCBQrJKdVwfJjlT,76,224333,0,62,0.14606741573033707,0.08985507246376812,0.19989457037427522,0.011974522292993634,0.05332491582491581,0.06340427848239072,0.0015764310634448894,0.17907681234497608,0.05138592750533049,0.02214495854506553,0.05824045016773079,0.06962479208136776
4kxWObbqqWeazNTK5ESCxg,75,340773,0,42,0.14382022471910114,0.031884057971014505,0.2,0.03515923566878982,0.12319023569023568,0.12238854716673019,0.012172115260369556,0.16553827915643124,8.678038379530918e-05,0.022947312115538916,0.048717671247700475,0.05447195484416328
7CqIleB7ogeQFT00U8MuD1,58,129173,1,44,0.1056179775280899,0.03768115942028987,0.2,0.18496815286624207,0.09372895622895623,0.11877415491807741,0.02064866261790929,0.039794023935552314,3.816631130063966e-05,0.0518320406525809,0.1922086354290662,0.07616229923922231
141y1FjVBV5IY7Mlvw5poL,78,222640,1,68,0.15056179775280898,0.10724637681159421,0.19984185556141282,0.13987261146496818,0.12718855218855218,0.1323390125741658,0.03848042382736788,0.025434973584065323,0.0,0.048890077560845145,0.13680337625798078,0.05565811359856024
5h6eWFlGK7NVcliVsmsV4L,78,155912,1,54,0.15056179775280898,0.06666666666666668,0.2,0.16076433121019107,0.13665824915824915,0.10692939959719122,0.07311022095878021,0.019855456876058955,0.0,0.0863332441829366,0.0736067525159615,0.10871349494178278
0DEjFljgDbPjkm5460EJnA,64,127058,1,54,0.11910112359550562,0.06666666666666668,0.2,0.17757961783439494,0.13160774410774412,0.14387893963311743,0.03434552267734849,0.002091260298362195,0.0,0.02134260497459214,0.050881939184071,0.061118534071387676
3rHmxbNUs7TRTu1Bc2a1BC,56,146623,1,49,0.10112359550561799,0.05217391304347827,0.2,0.15082802547770702,0.15686026936026937,0.14927875455881554,0.009096782530042641,0.02851191294509825,1.3198294243070364e-06,0.01920299545332977,0.05715831619954551,0.08290158972541105
1kCXmKWlfc9tZIp3Thumkl,68,169073,1,56,0.12808988764044946,0.07246376811594205,0.2,0.16458598726114648,0.1438131313131313,0.11939469816558708,0.02917689623982427,0.025434973584065323,0.0001699360341151386,0.039796737095480074,0.12273563467157236,0.04887519428462357
55owCz7823hXvvTm3apoZ9,68,255875,0,56,0.12808988764044946,0.07246376811594205,0.2,0.04535031847133759,0.04911616161616162,0.10209569430080018,0.0022741956325106594,0.09825587179517792,0.0,0.015271462958010164,0.012163185802402342,0.1672797425899163
2NNq2V3PD8u55LqGs8ImU1,67,189533,1,58,0.1258426966292135,0.07826086956521738,0.1999472851871376,0.14445859872611466,0.1494949494949495,0.13543084208807363,0.017754231812895722,0.010665664651107281,0.0,0.01123294998662744,0.1787901742235689,0.05292449485997872
2yxobiDeGo30ftKwde2d5F,56,196006,0,52,0.10112359550561799,0.060869565217391314,0.19984185556141282,0.09630573248407644,0.06805555555555556,0.08063796200533452,0.018865486496963436,0.12471755030006107,0.0003155650319829424,0.026156726397432474,0.07209176496050212,0.04475363346331088
5qteRK6fo4KC2DbJOP5uW6,70,191826,0,53,0.13258426966292133,0.06376811594202898,0.2,0.06547770700636944,0.18211279461279462,0.13090196505361712,0.010543997932549424,0.06830699534779076,0.005266524520255864,0.04835517518052955,0.1510875446380262,0.17485343440678427
3ItJaK3oSkvCE4QiLkaxbi,65,176399,1,50,0.12134831460674159,0.05507246376811595,0.2,0.1329936305732484,0.1335016835016835,0.13929562898045833,0.012585605375371496,0.004552811787188535,0.0,0.07670500133725594,0.10888431987880104,0.0993823794071933
3WjHjGe1WIL7SOk1BGlXX4,77,176539,0,57,0.14831460674157304,0.07536231884057971,0.1999472851871376,0.1796178343949045,0.10109427609427611,0.1464373196886397,0.013024938622561053,0.001892284886348732,0.0,0.016047071409467772,0.17273022400173144,0.0801720611894309
4B03LwLa4nuiktvLCN3KHN,55,173800,0,46,0.09887640449438202,0.043478260869565216,0.2,0.05452229299363059,0.09709595959595961,0.14270317347994121,0.009794547099108411,0.11897393015946625,0.0,0.0946242310778283,0.06862893626230929,0.1600114525672838
69RiJ3z34tsKkRjeVSjdvL,48,224210,0,49,0.08314606741573034,0.05217391304347827,0.19978914074855042,0.08840764331210192,0.17811447811447811,0.13352566545098252,0.010776586122238014,0.02728113720068508,0.00041151385927505336,0.03043594543995721,0.13788551022616605,0.12926948981539552
4mMviz9DJKLPyfhxpQIBcW,59,205546,0,49,0.10786516853932585,0.05217391304347827,0.2,0.11821656050955416,0.049957912457912465,0.08008273909966797,0.002532626954386872,0.07815320130309614,5.906183368869937e-05,0.020807702594276545,0.04806839086678932,0.09813350421290867
2syH39iwALerO994Pod9dB,71,221226,0,52,0.1348314606741573,0.060869565217391314,0.2,0.06191082802547772,0.15643939393939396,0.1439769201458821,0.011758625145367619,0.0039989627022026086,0.0,0.11869483819202996,0.1134292825451791,0.16748970632345322
28Irf1qUrZ3Dbw9rXmXxHN,49,152058,1,41,0.08539325842696631,0.02898550724637681,0.2,0.11261146496815289,0.1831649831649832,0.1434543574111371,0.03925571779299651,0.012368237764212166,0.0,0.02455201925648569,0.12425062222703175,0.08562839145965695
3R3HY6mOyGwxJ4dxGgg0Do,73,188571,1,64,0.13932584269662923,0.09565217391304348,0.1999472851871376,0.18318471337579623,0.1621212121212121,0.14452125632790813,0.040547874402377566,0.07056341754588157,2.4946695095948832e-05,0.017625033431398773,0.16515528622443465,0.05568538161590271
2eROz9rnZZAX3xAcN2fhNP,26,234681,0,44,0.033707865168539325,0.03768115942028987,0.19989457037427522,0.14114649681528665,0.10635521885521887,0.09955908769255893,0.0062540379894043185,0.04738380769276687,9.701492537313432e-05,0.07403048943567798,0.11299642895790503,0.05433970496005234
0wXFG6Mp60kQn4MA5DdBrw,53,211310,0,45,0.09438202247191013,0.04057971014492754,0.2,0.08713375796178345,0.06132154882154881,0.09181862718414893,0.004186587414394625,0.16943573568040626,0.0,0.025354372826959085,0.10066010172059303,0.07212254246993702
2LCd6P35jFyZ9SN37o9D2q,73,149545,0,60,0.13932584269662923,0.08405797101449275,0.2,0.13528662420382168,0.19347643097643097,0.158597789995101,0.017831761209458587,0.0070553891341619815,0.0,0.06948381920299544,0.1443783140352776,0.09245084939874021
0X1KsfG08N1K8brMqGXEXv,76,180213,0,58,0.14606741573033707,0.07826086956521738,0.2,0.10191082802547771,0.16464646464646465,0.1059495944695444,0.012999095490373432,0.0017774124835368361,0.0024733475479744135,0.06948381920299544,0.0368141975976626,0.09660513184086383
7JpclywOpe1Vthr9TPdkj2,60,283093,0,54,0.11011235955056181,0.06666666666666668,0.19978914074855042,0.06904458598726115,0.15664983164983168,0.11568232540416963,0.007856312185036827,0.014870815111185612,0.0004477611940298507,0.012035303557100831,0.0409263066767666,0.09662149265126932
3UCyLYeUJUrt7aE1yzqjqf,67,244992,0,51,0.1258426966292135,0.05797101449275364,0.2,0.11515923566878983,0.13476430976430978,0.12530618910238964,0.004109058017831762,0.014665685820450084,3.795309168443497e-06,0.014469109387536773,0.10066010172059303,0.11019551168434545
7FVSpM0idOhw4etUpkPf8d,39,195833,0,43,0.06292134831460675,0.034782608695652174,0.2,0.10547770700636944,0.08005050505050504,0.10703826683359643,0.010983331179738987,0.1483074187346468,0.0006012793176972281,0.020005349023803156,0.01043177145330592,0.06920213781255967
5L2zGgJi9BlL3CjVF4KL7W,66,141186,1,55,0.12359550561797755,0.06956521739130435,0.2,0.07261146496815288,0.09604377104377104,0.0888030047357248,0.04468277555239696,0.1593844004343654,0.0,0.05290184541321209,0.10996645384698629,0.0
6LlqdoSjvt0ANFOTIX5cn5,62,129832,1,45,0.1146067415730337,0.04057971014492754,0.2,0.14445859872611466,0.09625420875420876,0.11253606227205921,0.05760434164620753,0.010481048289445306,0.0,0.0240171168761701,0.0699274970241316,0.03384097292285877
5QzEl5meby6CHMwERcZEHV,64,253486,0,54,0.11910112359550562,0.06666666666666668,0.2,0.07923566878980892,0.17453703703703705,0.13855533177290297,0.005271998966274713,0.00034766132711020294,0.0,0.038994383525006684,0.03335136889946976,0.10198920186513238
4WVJeRP6hjMMBkmWsV4TtF,68,209799,0,60,0.12808988764044946,0.08405797101449275,0.1999472851871376,0.07898089171974523,0.18779461279461282,0.16534755865222361,0.012301330921307663,1.0338516253070633e-06,4.115138592750533e-05,0.015699384862262633,0.07750243480142845,0.1089166416709841
0p2GhuTjC2j75hvOvqEaai,56,175483,0,43,0.10112359550561799,0.034782608695652174,0.2,0.10343949044585987,0.14107744107744108,0.12062489793696587,0.04106473704612999,0.0750762619420632,0.0,0.025354372826959085,0.07533816686505791,0.048597060507730494
1na4kP9vFyaXHq8ZOGOC16,56,231518,1,47,0.10112359550561799,0.046376811594202906,0.2,0.05987261146496817,0.14486531986531986,0.13948070328234718,0.003437136580953613,0.0008153561099872076,0.0,0.0866006953730944,0.1270641705443134,0.001097537698033968
4XDcZALxM9M91BiUeaWCdq,63,160000,1,48,0.11685393258426967,0.04927536231884058,0.2,0.1261146496815287,0.11708754208754209,0.0965543519677753,0.0932678640651247,0.07876858917530272,0.0,0.021075153784434343,0.08334595822962886,0.062191530553813414
7xZSy1YRvAbhkKVDMJWI1W,67,144657,1,53,0.1258426966292135,0.06376811594202898,0.2,0.17146496815286627,0.1008838383838384,0.09430080017418757,0.04623336348365423,0.18379478603189325,0.0,0.017036640813051618,0.10520506438697114,0.044789081885856064
1tYTIFvg7nCrVnmiK88yOr,70,156306,0,55,0.13258426966292133,0.06956521739130435,0.19989457037427522,0.1470063694267516,0.12824074074074074,0.11410375047629416,0.006977645690657708,0.03364014521348646,0.0,0.01695640545600428,0.19091007466724386,0.1621956207564148
39MUpuBCpv7MkfBLKcNqV1,47,140000,0,41,0.08089887640449439,0.02898550724637681,0.1999472851871376,0.11363057324840767,0.18085016835016834,0.14779816014370475,0.02039023129603308,0.0008112535241724971,0.018528784648187635,0.005910671302487296,0.13637052267070668,0.12370954107926811
2oPZ5C25DHuF4il15vFI3J,48,151710,1,43,0.08314606741573034,0.034782608695652174,0.2,0.16152866242038216,0.07815656565656566,0.10794186489575962,0.0035921953740793385,0.055999237903659065,0.0,0.018935544263171972,0.06776322908776108,0.07338232487115862
3cbxDXAReyXQj8Ri5cAh5e,61,150314,0,57,0.11235955056179776,0.07536231884057971,0.2,0.06649681528662421,0.1372895622895623,0.12966087855859781,0.008760821811603568,0.00769128993544212,0.0,0.02134260497459214,0.05650903581863436,0.17005153655277727
6KHznvkaHF4g5oZDYCBU8c,57,202480,0,42,0.10337078651685394,0.031884057971014505,0.2,0.11898089171974524,0.15475589225589226,0.13055358989712046,0.0020157643106344485,0.01000925092075359,0.0,0.05637871088526343,0.13182556000432857,0.1047119133967769
0Zt4KxjqHYswmQvjpnpiPe,62,317226,0,53,0.1146067415730337,0.06376811594202898,0.2,0.10802547770700638,0.1154040404040404,0.10665723150617822,0.0007752939656286338,0.04594790265761817,2.3027718550106613e-07,0.01920299545332977,0.13658694946434374,0.09927330733782345
585LHTE4ugzJoCqk6bmkjV,44,189960,0,38,0.07415730337078652,0.02028985507246377,0.2,0.116687898089172,0.13686868686868686,0.12878994066735616,0.026075720377309732,0.005701535815307494,0.0,0.18769724525274137,0.09827940699058546,0.027017151582908405
43AkwjzRPBKbFrGM7Rn9JF,32,196399,1,39,0.04719101123595506,0.023188405797101443,0.19978914074855042,0.0848407643312102,0.13118686868686869,0.12061401121332534,0.05424473446181678,0.025229844293329796,1.6588486140724946e-06,0.018668093073014175,0.07512174007142086,0.1113762168352739
33ivIh56dnTsz0kgQmLowp,61,183705,0,42,0.11235955056179776,0.031884057971014505,0.2,0.11210191082802548,0.06026936026936028,0.0933427684938218,0.0020157643106344485,0.11671750796137544,0.0,0.02267986092538112,0.08897305486419221,0.06486788645597578
60cnpF1CzUx286QwoPFwqv,64,222946,1,48,0.11910112359550562,0.04927536231884058,0.2,0.13477707006369427,0.0867845117845118,0.06951173044472266,0.011913683938493345,0.07835833059383167,1.652452025586354e-05,0.04113399304626906,0.17099880965263503,0.1402012379679873
72Y7oxX8vyMkDvdU6rr5Nt,60,272593,0,41,0.11011235955056181,0.02898550724637681,0.2,0.10012738853503185,0.10172558922558923,0.08823689510641773,0.061480811474350694,0.023588809967445574,0.0,0.18930195239368816,0.06559896115139056,0.028568701769694307
5qxXv3JWNTTliODO4LZ0V4,57,162885,0,45,0.10337078651685394,0.04057971014492754,0.2,0.09681528662420383,0.1898989898989899,0.16678460617277233,0.0030494895981392958,0.0013322819226407392,0.0,0.02776143353837925,0.1653717130180717,0.13475036130122978
2LflS98n1TRQb0Fcj1910h,57,287000,0,46,0.10337078651685394,0.043478260869565216,0.19984185556141282,0.08840764331210192,0.15580808080808084,0.14635022589951555,0.05967179222121721,0.03138372301539565,7.1002132196162055e-06,0.023749665686012302,0.10455578400605998,0.05025631936301911
6FxxGoSCC9UaX8loeVwrcs,69,133333,1,54,0.1303370786516854,0.06666666666666668,0.2,0.1388535031847134,0.1553872053872054,0.15002993849001145,0.0066933712365938765,0.01571184520320128,0.00720682302771855,0.01973789783364536,0.11970565956065363,0.16757151037548063
1ZdDr1zM46JxFu2ugQc1mE,58,262631,0,56,0.1056179775280899,0.07246376811594205,0.2,0.051464968152866254,0.19031986531986533,0.14819008219476348,0.02013179997415687,1.61108544943684e-05,0.004093816631130064,0.014870286172773467,0.027074991883995245,0.03864014397513156
7KjY1Xr1vXsAgolo63F0sV,62,173752,1,44,0.1146067415730337,0.03768115942028987,0.2,0.12407643312101913,0.12108585858585859,0.13625823308475313,0.003747254167205066,0.00516819965939512,0.00017441364605543712,0.04487830970847821,0.06689752191321287,0.09930602895863438
5AWGyFvWNof3Knq7QrN3jD,58,168529,1,49,0.1056179775280899,0.05217391304347827,0.2,0.1421656050955414,0.1699074074074074,0.13290512220347286,0.044165912908644536,0.002481005950759698,0.000814498933901919,0.007542123562449853,0.1526025321934856,0.10744689553622555
5Ir9mqfAUnXkSkXHF1yvM0,53,256406,0,48,0.09438202247191013,0.04927536231884058,0.2,0.135031847133758,0.1701178451178451,0.1269827445430298,0.008502390489727354,0.0006574065561208509,0.17782515991471215,0.0024070607114201658,0.08875662807055516,0.09657650042265425
5u5lUvwZiPBHqVSJuXpxjd,37,174000,0,36,0.05842696629213484,0.014492753623188404,0.19989457037427522,0.12713375796178347,0.10867003367003368,0.11109901475151052,0.031244346814833956,0.08533272647883962,1.3816631130063968e-06,0.02161005616474994,0.1344226815279732,0.045326261827502524
3UMd720nAaOxPp4HGpq3Ys,46,236653,0,40,0.07865168539325842,0.026086956521739136,0.2,0.1289171974522293,0.11414141414141413,0.07226607152577431,0.0027135288797002204,0.14728177228096917,0.0003283582089552239,0.03150575020058839,0.08248025105508064,0.09666239467728299
4cT18W9YXAJEVfc7sNJvRe,54,245466,0,46,0.09662921348314607,0.043478260869565216,0.19984185556141282,0.11057324840764332,0.1008838383838384,0.12278046921778892,0.0008528233621914981,0.08020449421045142,0.006098081023454158,0.019470446643487568,0.11278000216426798,0.09242630818313201
7mamMoh4j7RUpYrT7IvRov,43,200453,0,37,0.07191011235955057,0.017391304347826098,0.1999472851871376,0.08840764331210192,0.10593434343434345,0.11395133634532689,0.01961493733040445,0.10174306973768188,1.795309168443497e-05,0.01973789783364536,0.17770804025538367,0.19692416764377063
6oyDy1XJfGKBjvwdQMWpOX,45,253792,0,40,0.07640449438202249,0.026086956521739136,0.2,0.11159235668789809,0.14907407407407408,0.12910565565293128,0.0017056467243829955,0.030973464433924593,0.02006396588486141,0.017036640813051618,0.10195866248241535,0.07516701660622256
37hpqDnpVrfRcJYab1XWFc,30,212458,0,46,0.04269662921348315,0.043478260869565216,0.19989457037427522,0.1164331210191083,0.055850168350168344,0.06370910674432528,0.0013696860059439202,0.16697418419157992,0.006716417910447761,0.01973789783364536,0.06516610756411646,0.027788836473700007
3rmTtAIJydBOPohvykKubn,27,165413,0,36,0.03595505617977528,0.014492753623188404,0.19989457037427522,0.0,0.14507575757575758,0.11681454466278374,0.006305724253779558,0.004388708354600112,0.14754797441364606,0.10639208344477132,0.11537712368791259,0.15632208982084914
1v1bVyUOVYDpXRIcAJ24iQ,74,196026,0,54,0.1415730337078652,0.06666666666666668,0.2,0.049426751592356696,0.14696969696969697,0.1480921016819988,0.0018607055175087228,0.07035828825514605,2.302771855010661e-06,0.01631452259962557,0.11797424521155722,0.16578818204128376
2AgY4zzIHAZDuswSO7SKxX,52,234329,0,44,0.09213483146067417,0.03768115942028987,0.2,0.10828025477707007,0.15707070707070708,0.1272657993576833,0.002041607442822071,0.00023484021720566233,0.0023880597014925373,0.053704198983685475,0.05888973054864194,0.07889455457693671
2g5LoRqCf0dDycdXbT8Pfi,54,154431,0,47,0.09662921348314607,0.046376811594202906,0.19989457037427522,0.12815286624203823,0.13202861952861952,0.14355233792390182,0.0,0.006070768538631446,0.0,0.034180262102166355,0.09784655340331135,0.05153382597551333
733iVnKNVFGJIQoUEAVqjm,57,192276,0,50,0.10337078651685394,0.05507246376811595,0.2,0.15133757961783442,0.12066498316498316,0.11961243263839748,0.0013179997415686782,0.004122040276643925,1.7910447761194028e-05,0.010938753677453866,0.06473325397684236,0.06792054099746406
2yv7z2i0N0ItdmOHgxTPtW,51,209398,1,39,0.0898876404494382,0.023188405797101443,0.2,0.14165605095541403,0.1349747474747475,0.14457568994611072,0.02349140715854762,0.00877847517634042,5.7356076759061836e-06,0.00994918427387002,0.1339898279406991,0.10741690071714885
4IwY9Z2Ero2zz0Ajl5O2GZ,51,146857,1,34,0.0898876404494382,0.008695652173913049,0.2,0.10547770700636944,0.10614478114478115,0.09540035926188015,0.08267217986820002,0.040204282517023376,0.0,0.021877507354907733,0.03767990477221081,0.15386251465655934
3UiZ39DYOKbmmuIlqsTxU5,53,146686,1,39,0.09438202247191013,0.023188405797101443,0.2,0.11745222929936308,0.12403198653198654,0.09028359915083556,0.017082310376017575,0.0004830466589956517,4.4136460554371e-05,0.017892484621556567,0.05499404826317499,0.06148665230551087
3HI8Suc5LWcJMzbiJN1e5u,47,104850,1,42,0.08089887640449439,0.031884057971014505,0.1999472851871376,0.18624203821656055,0.11498316498316496,0.1415709542213271,0.05424473446181678,0.0007558686156739045,0.0,0.010430596416154053,0.16818526133535336,0.11829683963679
3iqgkgmBIMT1fwLVpJuvzv,11,143448,1,31,0.0,0.0,0.2,0.16076433121019107,0.10656565656565659,0.11372271514887596,0.08758237498384805,0.13210220476654008,3.944562899786781e-06,0.012516715699384862,0.18766367276268808,0.1592356774738909
5pkCK8nUi4yxwNIVi03FIm,40,252208,0,37,0.0651685393258427,0.017391304347826098,0.2,0.14828025477707008,0.1358164983164983,0.11156714386805291,0.0030753327303269153,0.008101548516913177,0.1814498933901919,0.11281091200855844,0.13940049778162542,0.08975131568183677
3tK8BJnr6bThZ3iBQwTtci,39,185454,0,33,0.06292134831460675,0.005797101449275366,0.2,0.13452229299363058,0.1194023569023569,0.11842577976158075,0.019356506008528236,0.03835811890040361,0.0,0.07376303824552019,0.1547668001298561,0.08293840154882337
1xgieOt8rdDEdVIyjWOkGy,44,170360,0,38,0.07415730337078652,0.02028985507246377,0.2,0.1470063694267516,0.10719696969696971,0.1346143378150346,0.01612611448507559,0.10994824136710302,1.7889125799573562e-05,0.02481947044664349,0.16428957904988642,0.0345431243694271
7x3qP9JdpxFNLlg1WmUln1,43,208941,0,42,0.07191011235955057,0.031884057971014505,0.2,0.09783439490445861,0.18863636363636363,0.17245658918948345,0.04106473704612999,0.0006409962128620085,0.12174840085287847,0.18422037978069003,0.05629260902499731,0.15392795789818123
17wZ58uIxULAVELzhEURni,44,240080,1,44,0.07415730337078652,0.03768115942028987,0.1999472851871376,0.175031847133758,0.18653198653198655,0.1415165206031245,0.04184003101175863,0.017906728614071436,0.00024093816631130064,0.025086921636801287,0.1787901742235689,0.04269489815395522
0j5YzEgl3PSHBRhaagkjpY,46,127369,1,36,0.07865168539325842,0.014492753623188404,0.19989457037427522,0.19057324840764334,0.12971380471380473,0.14166893473409178,0.009200155058793128,0.05517872074071695,0.0,0.028028884728537047,0.16905096850990156,0.06661849316936164
4AYQzjTMJTyQj6Rfh7A0Yx,35,181458,0,34,0.05393258426966292,0.008695652173913049,0.2,0.04280254777070064,0.1791666666666667,0.08500353818518319,0.02866003359607185,0.00061432940506639,2.473347547974414e-05,0.13447445841133995,0.09892868737149661,0.16014506585226188
6DLYYSwlzBms2L4Dqc3gEV,40,228854,0,39,0.0651685393258427,0.023188405797101443,0.2,0.048152866242038225,0.15433501683501682,0.14923520766425344,0.016358702674764185,1.8666765456933103e-07,0.012750533049040511,0.021075153784434343,0.03984417270858133,0.06727974258991627
