artist_genres,artist_popularity,track_album_release_date,track_duration_ms,track_explicit,track_popularity,track_danceability,track_energy,track_key,track_loudness,track_mode,track_speechiness,track_acousticness,track_instrumentalness,track_liveness,track_valence,track_tempo,song_info,track_name_subjectivity,track_name_polarity,track_name_subjectivity|negative,track_name_subjectivity|neutral,track_name_subjectivity|positive,track_name_polarity|high,track_name_polarity|low,track_name_polarity|medium,track_key|0,track_key|1,track_key|2,track_key|3,track_key|4,track_key|5,track_key|6,track_key|7,track_key|8,track_key|9,track_key|10,track_key|11,track_mode|0,track_mode|1,genre|acoustic,genre|afrobeat,genre|alternative,genre|anime,genre|argentina,genre|argentine,genre|argentino,genre|australian,genre|british,genre|cancion,genre|cantautor,genre|chicha,genre|chilean,genre|chilena,genre|chileno,genre|city,genre|classic,genre|colombian,genre|colombiana,genre|colombiano,genre|conciencia,genre|cumbia,genre|dance,genre|denpa,genre|electronica,genre|en,genre|espanol,genre|folclore,genre|folklore,genre|french,genre|funk,genre|future,genre|gen,genre|girl,genre|group,genre|hip,genre|hop,genre|indie,genre|indietronica,genre|israeli,genre|jamaican,genre|japanese,genre|kei,genre|la,genre|latin,genre|latino,genre|mexican,genre|modern,genre|neo,genre|nueva,genre|peruano,genre|pixie,genre|pop,genre|poprock,genre|pov,genre|puerto,genre|rap,genre|reggaeton,genre|regia,genre|revival,genre|rican,genre|rock,genre|rocksteady,genre|sad,genre|singer,genre|ska,genre|songwriter,genre|soul,genre|spanish,genre|synthpop,genre|teen,genre|trap,genre|triste,genre|trova,genre|tucumano,genre|urbano,genre|uruguayo
"['j-pop', 'japanese teen pop']",77,1576368000.0,261013,0,78,0.67,0.874,8,-5.221,1,0.0305,0.00231,1.72e-05,0.3,0.789,130.041,夜に駆ける YOASOBI SINGLE 夜に駆ける,negative,low,1.0,0.0,0.0,0.0,1.0,0.0,0.0,0.0,0.0,0.0,0.0,0.0,0.0,0.0,1.0,0.0,0.0,0.0,0.0,1.0,0.0,0.0,0.0,0.0,0.0,0.0,0.0,0.0,0.0,0.0,0.0,0.0,0.0,0.0,0.0,0.0,0.0,0.0,0.0,0.0,0.0,0.0,0.0,0.0,0.0,0.0,0.0,0.0,0.0,0.0,0.0,0.0,0.0,0.0,0.0,0.0,0.0,0.0,0.0,0.0,0.0,0.5588318589674621,0.0,0.0,0.0,0.0,0.0,0.0,0.0,0.0,0.0,0.0,0.5762427543276469,0.0,0.0,0.0,0.0,0.0,0.0,0.0,0.0,0.0,0.0,0.0,0.0,0.0,0.0,0.0,0.0,0.0,0.5963650236959388,0.0,0.0,0.0,0.0,0.0,0.0
['pop peruano'],43,1651795200.0,204219,0,50,0.496,0.706,1,-5.806,1,0.666,0.643,0.0,0.332,0.765,188.026,WARMISITAY Milena Warthon SINGLE WARMISITAY,negative,low,1.0,0.0,0.0,0.0,1.0,0.0,0.0,1.0,0.0,0.0,0.0,0.0,0.0,0.0,0.0,0.0,0.0,0.0,0.0,1.0,0.0,0.0,0.0,0.0,0.0,0.0,0.0,0.0,0.0,0.0,0.0,0.0,0.0,0.0,0.0,0.0,0.0,0.0,0.0,0.0,0.0,0.0,0.0,0.0,0.0,0.0,0.0,0.0,0.0,0.0,0.0,0.0,0.0,0.0,0.0,0.0,0.0,0.0,0.0,0.0,0.0,0.0,0.0,0.0,0.0,0.0,0.0,0.0,0.0,0.0,0.9271525084421659,0.0,0.3746841684531115,0.0,0.0,0.0,0.0,0.0,0.0,0.0,0.0,0.0,0.0,0.0,0.0,0.0,0.0,0.0,0.0,0.0,0.0,0.0,0.0,0.0,0.0,0.0,0.0
['k-pop girl group'],77,1677196800.0,174253,0,98,0.783,0.592,11,-8.332,0,0.0331,0.435,4.15e-06,0.347,0.726,120.018,Cupid - Twin Ver. FIFTY FIFTY SINGLE The Beginning: Cupid,negative,low,1.0,0.0,0.0,0.0,1.0,0.0,0.0,0.0,0.0,0.0,0.0,0.0,0.0,0.0,0.0,0.0,0.0,1.0,1.0,0.0,0.0,0.0,0.0,0.0,0.0,0.0,0.0,0.0,0.0,0.0,0.0,0.0,0.0,0.0,0.0,0.0,0.0,0.0,0.0,0.0,0.0,0.0,0.0,0.0,0.0,0.0,0.0,0.0,0.0,0.0,0.0,0.0,0.0,0.6798921612472472,0.6798921612472472,0.0,0.0,0.0,0.0,0.0,0.0,0.0,0.0,0.0,0.0,0.0,0.0,0.0,0.0,0.0,0.0,0.0,0.27476043774367254,0.0,0.0,0.0,0.0,0.0,0.0,0.0,0.0,0.0,0.0,0.0,0.0,0.0,0.0,0.0,0.0,0.0,0.0,0.0,0.0,0.0,0.0,0.0,0.0
['anime latino'],33,1608422400.0,96229,0,31,0.46,0.844,9,-8.125,1,0.0542,0.0123,0.000521,0.0306,0.577,165.051,"Butterfly (Digimon) Inheres ALBUM Anime Covers, Vol. 1",neutral,low,0.0,1.0,0.0,0.0,1.0,0.0,0.0,0.0,0.0,0.0,0.0,0.0,0.0,0.0,0.0,1.0,0.0,0.0,0.0,1.0,0.0,0.0,0.0,0.743765205365322,0.0,0.0,0.0,0.0,0.0,0.0,0.0,0.0,0.0,0.0,0.0,0.0,0.0,0.0,0.0,0.0,0.0,0.0,0.0,0.0,0.0,0.0,0.0,0.0,0.0,0.0,0.0,0.0,0.0,0.0,0.0,0.0,0.0,0.0,0.0,0.0,0.0,0.0,0.0,0.0,0.0,0.668440961707076,0.0,0.0,0.0,0.0,0.0,0.0,0.0,0.0,0.0,0.0,0.0,0.0,0.0,0.0,0.0,0.0,0.0,0.0,0.0,0.0,0.0,0.0,0.0,0.0,0.0,0.0,0.0,0.0,0.0,0.0,0.0
"['modern indie pop', 'pov: indie', 'singer-songwriter pop']",80,1651795200.0,120157,0,66,0.411,0.547,11,-4.815,1,0.0706,0.66,0.0,0.078,0.552,128.44,this is what falling in love feels like - Leon Leiden Remix JVKE SINGLE this is what falling in love feels like (Leon Leiden Remix),positive,medium,0.0,0.0,1.0,0.0,0.0,1.0,0.0,0.0,0.0,0.0,0.0,0.0,0.0,0.0,0.0,0.0,0.0,1.0,0.0,1.0,0.0,0.0,0.0,0.0,0.0,0.0,0.0,0.0,0.0,0.0,0.0,0.0,0.0,0.0,0.0,0.0,0.0,0.0,0.0,0.0,0.0,0.0,0.0,0.0,0.0,0.0,0.0,0.0,0.0,0.0,0.0,0.0,0.0,0.0,0.0,0.0,0.0,0.558693045971725,0.0,0.0,0.0,0.0,0.0,0.0,0.0,0.0,0.0,0.39086781883353894,0.0,0.0,0.0,0.0,0.37767933992305325,0.0,0.39086781883353894,0.0,0.0,0.0,0.0,0.0,0.0,0.0,0.0,0.0,0.34616837881206486,0.0,0.34616837881206486,0.0,0.0,0.0,0.0,0.0,0.0,0.0,0.0,0.0,0.0
['japanese teen pop'],67,1667952000.0,210600,0,79,0.924,0.563,7,-7.899,0,0.0802,0.0879,0.0,0.103,0.872,117.06,NIGHT DANCER imase ALBUM POP CUBE,neutral,low,0.0,1.0,0.0,0.0,1.0,0.0,0.0,0.0,0.0,0.0,0.0,0.0,0.0,1.0,0.0,0.0,0.0,0.0,1.0,0.0,0.0,0.0,0.0,0.0,0.0,0.0,0.0,0.0,0.0,0.0,0.0,0.0,0.0,0.0,0.0,0.0,0.0,0.0,0.0,0.0,0.0,0.0,0.0,0.0,0.0,0.0,0.0,0.0,0.0,0.0,0.0,0.0,0.0,0.0,0.0,0.0,0.0,0.0,0.0,0.0,0.0,0.644871629005933,0.0,0.0,0.0,0.0,0.0,0.0,0.0,0.0,0.0,0.0,0.3324815843290815,0.0,0.0,0.0,0.0,0.0,0.0,0.0,0.0,0.0,0.0,0.0,0.0,0.0,0.0,0.0,0.0,0.0,0.6881835352471447,0.0,0.0,0.0,0.0,0.0,0.0
['anime latino'],28,1406160000.0,211022,0,47,0.726,0.879,0,-4.688,1,0.0665,0.558,5.4e-06,0.376,0.855,79.394,Olvida la Amargura (Ranma 1/2) - De Película Jade ALBUM La Voz Más Dulce del Anime y Comic,positive,medium,0.0,0.0,1.0,0.0,0.0,1.0,1.0,0.0,0.0,0.0,0.0,0.0,0.0,0.0,0.0,0.0,0.0,0.0,0.0,1.0,0.0,0.0,0.0,0.743765205365322,0.0,0.0,0.0,0.0,0.0,0.0,0.0,0.0,0.0,0.0,0.0,0.0,0.0,0.0,0.0,0.0,0.0,0.0,0.0,0.0,0.0,0.0,0.0,0.0,0.0,0.0,0.0,0.0,0.0,0.0,0.0,0.0,0.0,0.0,0.0,0.0,0.0,0.0,0.0,0.0,0.0,0.668440961707076,0.0,0.0,0.0,0.0,0.0,0.0,0.0,0.0,0.0,0.0,0.0,0.0,0.0,0.0,0.0,0.0,0.0,0.0,0.0,0.0,0.0,0.0,0.0,0.0,0.0,0.0,0.0,0.0,0.0,0.0,0.0
"['modern indie pop', 'singer-songwriter pop']",65,1663286400.0,154506,0,65,0.802,0.691,6,-6.973,0,0.0466,0.0989,2.29e-06,0.277,0.452,97.021,how deep? Tai Verdes ALBUM HDTV,neutral,medium,0.0,1.0,0.0,0.0,0.0,1.0,0.0,0.0,0.0,0.0,0.0,0.0,1.0,0.0,0.0,0.0,0.0,0.0,1.0,0.0,0.0,0.0,0.0,0.0,0.0,0.0,0.0,0.0,0.0,0.0,0.0,0.0,0.0,0.0,0.0,0.0,0.0,0.0,0.0,0.0,0.0,0.0,0.0,0.0,0.0,0.0,0.0,0.0,0.0,0.0,0.0,0.0,0.0,0.0,0.0,0.0,0.0,0.35675569542330055,0.0,0.0,0.0,0.0,0.0,0.0,0.0,0.0,0.0,0.4991804409665232,0.0,0.0,0.0,0.0,0.4823373282798334,0.0,0.0,0.0,0.0,0.0,0.0,0.0,0.0,0.0,0.0,0.0,0.442094425936008,0.0,0.442094425936008,0.0,0.0,0.0,0.0,0.0,0.0,0.0,0.0,0.0,0.0
"['cantautor', 'spanish rock']",55,1447372800.0,223773,0,47,0.89,0.605,4,-6.99,1,0.0397,0.393,1.9e-06,0.134,0.926,134.957,Ay Vida Mía El Kanka ALBUM De Pana y Rubí,neutral,low,0.0,1.0,0.0,0.0,1.0,0.0,0.0,0.0,0.0,0.0,1.0,0.0,0.0,0.0,0.0,0.0,0.0,0.0,0.0,1.0,0.0,0.0,0.0,0.0,0.0,0.0,0.0,0.0,0.0,0.0,0.6225119467201234,0.0,0.0,0.0,0.0,0.0,0.0,0.0,0.0,0.0,0.0,0.0,0.0,0.0,0.0,0.0,0.0,0.0,0.0,0.0,0.0,0.0,0.0,0.0,0.0,0.0,0.0,0.0,0.0,0.0,0.0,0.0,0.0,0.0,0.0,0.0,0.0,0.0,0.0,0.0,0.0,0.0,0.0,0.0,0.0,0.0,0.0,0.0,0.0,0.0,0.0,0.3723444357616448,0.0,0.0,0.0,0.0,0.0,0.0,0.6883592792634271,0.0,0.0,0.0,0.0,0.0,0.0,0.0,0.0
"['j-pop', 'japanese teen pop']",77,1636675200.0,259661,0,63,0.638,0.868,0,-5.701,0,0.0292,0.0112,0.0,0.342,0.824,130.046,Into The Night YOASOBI ALBUM E-SIDE,neutral,low,0.0,1.0,0.0,0.0,1.0,0.0,1.0,0.0,0.0,0.0,0.0,0.0,0.0,0.0,0.0,0.0,0.0,0.0,1.0,0.0,0.0,0.0,0.0,0.0,0.0,0.0,0.0,0.0,0.0,0.0,0.0,0.0,0.0,0.0,0.0,0.0,0.0,0.0,0.0,0.0,0.0,0.0,0.0,0.0,0.0,0.0,0.0,0.0,0.0,0.0,0.0,0.0,0.0,0.0,0.0,0.0,0.0,0.0,0.0,0.0,0.0,0.5588318589674621,0.0,0.0,0.0,0.0,0.0,0.0,0.0,0.0,0.0,0.0,0.5762427543276469,0.0,0.0,0.0,0.0,0.0,0.0,0.0,0.0,0.0,0.0,0.0,0.0,0.0,0.0,0.0,0.0,0.0,0.5963650236959388,0.0,0.0,0.0,0.0,0.0,0.0
['classic city pop'],58,1199145600.0,312293,0,79,0.658,0.747,5,-6.615,1,0.0431,0.176,8.49e-06,0.0789,0.792,108.259,Mayonaka no Door / Stay With Me Miki Matsubara ALBUM Miki Matsubara Best Collection,positive,low,0.0,0.0,1.0,0.0,1.0,0.0,0.0,0.0,0.0,0.0,0.0,1.0,0.0,0.0,0.0,0.0,0.0,0.0,0.0,1.0,0.0,0.0,0.0,0.0,0.0,0.0,0.0,0.0,0.0,0.0,0.0,0.0,0.0,0.0,0.0,0.6798921612472472,0.6798921612472472,0.0,0.0,0.0,0.0,0.0,0.0,0.0,0.0,0.0,0.0,0.0,0.0,0.0,0.0,0.0,0.0,0.0,0.0,0.0,0.0,0.0,0.0,0.0,0.0,0.0,0.0,0.0,0.0,0.0,0.0,0.0,0.0,0.0,0.0,0.0,0.27476043774367254,0.0,0.0,0.0,0.0,0.0,0.0,0.0,0.0,0.0,0.0,0.0,0.0,0.0,0.0,0.0,0.0,0.0,0.0,0.0,0.0,0.0,0.0,0.0,0.0
['pov: indie'],71,1616716800.0,180742,0,74,0.68,0.696,5,-6.977,1,0.051,0.116,0.0,0.607,0.684,115.962,World's Smallest Violin AJR ALBUM OK ORCHESTRA,positive,medium,0.0,0.0,1.0,0.0,0.0,1.0,0.0,0.0,0.0,0.0,0.0,1.0,0.0,0.0,0.0,0.0,0.0,0.0,0.0,1.0,0.0,0.0,0.0,0.0,0.0,0.0,0.0,0.0,0.0,0.0,0.0,0.0,0.0,0.0,0.0,0.0,0.0,0.0,0.0,0.0,0.0,0.0,0.0,0.0,0.0,0.0,0.0,0.0,0.0,0.0,0.0,0.0,0.0,0.0,0.0,0.0,0.0,0.5814521143287821,0.0,0.0,0.0,0.0,0.0,0.0,0.0,0.0,0.0,0.0,0.0,0.0,0.0,0.0,0.0,0.0,0.8135806282985043,0.0,0.0,0.0,0.0,0.0,0.0,0.0,0.0,0.0,0.0,0.0,0.0,0.0,0.0,0.0,0.0,0.0,0.0,0.0,0.0,0.0,0.0
"['argentine rock', 'latin alternative', 'latin rock', 'rock en espanol', 'ska argentino']",65,1538697600.0,312512,0,63,0.62,0.717,9,-7.165,0,0.0361,0.0274,0.0,0.708,0.601,92.881,Amor (Ft. Mon Laferte) - MTV Unplugged Los Auténticos Decadentes ALBUM Fiesta Nacional (Mtv Unplugged),neutral,low,0.0,1.0,0.0,0.0,1.0,0.0,0.0,0.0,0.0,0.0,0.0,0.0,0.0,0.0,0.0,1.0,0.0,0.0,1.0,0.0,0.0,0.0,0.2439914830749621,0.0,0.0,0.26641471002193334,0.26641471002193334,0.0,0.0,0.0,0.0,0.0,0.0,0.0,0.0,0.0,0.0,0.0,0.0,0.0,0.0,0.0,0.0,0.0,0.0,0.2545005324641768,0.2545005324641768,0.0,0.0,0.0,0.0,0.0,0.0,0.0,0.0,0.0,0.0,0.0,0.0,0.0,0.0,0.0,0.0,0.0,0.4521737642928399,0.0,0.0,0.0,0.0,0.0,0.0,0.0,0.0,0.0,0.0,0.0,0.0,0.0,0.0,0.0,0.0,0.6137084649191553,0.0,0.0,0.0,0.29643603977495203,0.0,0.0,0.0,0.0,0.0,0.0,0.0,0.0,0.0,0.0,0.0
['israeli pop'],49,1527033600.0,180230,0,66,0.786,0.712,3,-5.349,0,0.0678,0.0706,0.0,0.236,0.795,130.144,Toy Netta SINGLE Toy,negative,low,1.0,0.0,0.0,0.0,1.0,0.0,0.0,0.0,0.0,1.0,0.0,0.0,0.0,0.0,0.0,0.0,0.0,0.0,1.0,0.0,0.0,0.0,0.0,0.0,0.0,0.0,0.0,0.0,0.0,0.0,0.0,0.0,0.0,0.0,0.0,0.0,0.0,0.0,0.0,0.0,0.0,0.0,0.0,0.0,0.0,0.0,0.0,0.0,0.0,0.0,0.0,0.0,0.0,0.0,0.0,0.0,0.0,0.0,0.0,0.9271525084421659,0.0,0.0,0.0,0.0,0.0,0.0,0.0,0.0,0.0,0.0,0.0,0.0,0.3746841684531115,0.0,0.0,0.0,0.0,0.0,0.0,0.0,0.0,0.0,0.0,0.0,0.0,0.0,0.0,0.0,0.0,0.0,0.0,0.0,0.0,0.0,0.0,0.0,0.0
"['j-acoustic', 'j-pop', 'japanese singer-songwriter']",59,1545177600.0,251266,0,57,0.598,0.819,9,-2.619,1,0.0911,0.00081,0.0,0.218,0.878,158.115,Koi Gen Hoshino ALBUM POP VIRUS,neutral,low,0.0,1.0,0.0,0.0,1.0,0.0,0.0,0.0,0.0,0.0,0.0,0.0,0.0,0.0,0.0,1.0,0.0,0.0,0.0,1.0,0.5897364420788354,0.0,0.0,0.0,0.0,0.0,0.0,0.0,0.0,0.0,0.0,0.0,0.0,0.0,0.0,0.0,0.0,0.0,0.0,0.0,0.0,0.0,0.0,0.0,0.0,0.0,0.0,0.0,0.0,0.0,0.0,0.0,0.0,0.0,0.0,0.0,0.0,0.0,0.0,0.0,0.0,0.46225094342079265,0.0,0.0,0.0,0.0,0.0,0.0,0.0,0.0,0.0,0.0,0.23832638794029465,0.0,0.0,0.0,0.0,0.0,0.0,0.0,0.0,0.0,0.0,0.0,0.43688415341032666,0.0,0.43688415341032666,0.0,0.0,0.0,0.0,0.0,0.0,0.0,0.0,0.0,0.0
"['anime', 'anime rock', 'j-pixie', 'j-pop', 'j-poprock']",66,1638748800.0,184893,0,80,0.367,0.896,11,-4.002,1,0.091,0.000627,0.0,0.207,0.38,170.863,残響散歌 Aimer SINGLE 残響散歌,negative,low,1.0,0.0,0.0,0.0,1.0,0.0,0.0,0.0,0.0,0.0,0.0,0.0,0.0,0.0,0.0,0.0,0.0,1.0,0.0,1.0,0.0,0.0,0.0,0.7207103699715476,0.0,0.0,0.0,0.0,0.0,0.0,0.0,0.0,0.0,0.0,0.0,0.0,0.0,0.0,0.0,0.0,0.0,0.0,0.0,0.0,0.0,0.0,0.0,0.0,0.0,0.0,0.0,0.0,0.0,0.0,0.0,0.0,0.0,0.0,0.0,0.0,0.0,0.0,0.0,0.0,0.0,0.0,0.0,0.0,0.0,0.0,0.0,0.45973856344240316,0.1857911829831283,0.4157607178871496,0.0,0.0,0.0,0.0,0.0,0.0,0.0,0.24867986988713453,0.0,0.0,0.0,0.0,0.0,0.0,0.0,0.0,0.0,0.0,0.0,0.0,0.0,0.0,0.0
[],31,1431648000.0,257950,0,52,0.472,0.907,2,-4.545,1,0.0546,0.00116,0.0,0.0645,0.441,164.994,Butter-Fly (デジモンアドベンチャー全話OP) Sho Oosawa COMPILATION 熱烈!アニソン魂 THE BEST カバー楽曲集 TVアニメシリーズ「デジモンシリーズ」 vol.1,positive,low,0.0,0.0,1.0,0.0,1.0,0.0,0.0,0.0,1.0,0.0,0.0,0.0,0.0,0.0,0.0,0.0,0.0,0.0,0.0,1.0,0.0,0.0,0.0,0.0,0.0,0.0,0.0,0.0,0.0,0.0,0.0,0.0,0.0,0.0,0.0,0.0,0.0,0.0,0.0,0.0,0.0,0.0,0.0,0.0,0.0,0.0,0.0,0.0,0.0,0.0,0.0,0.0,0.0,0.0,0.0,0.0,0.0,0.0,0.0,0.0,0.0,0.0,0.0,0.0,0.0,0.0,0.0,0.0,0.0,0.0,0.0,0.0,0.0,0.0,0.0,0.0,0.0,0.0,0.0,0.0,0.0,0.0,0.0,0.0,0.0,0.0,0.0,0.0,0.0,0.0,0.0,0.0,0.0,0.0,0.0,0.0,0.0
['singer-songwriter pop'],66,1675987200.0,142758,1,88,0.898,0.732,7,-3.982,1,0.0427,0.621,1.29e-05,0.0908,0.96,115.955,If We Ever Broke Up Mae Stephens SINGLE If We Ever Broke Up,negative,low,1.0,0.0,0.0,0.0,1.0,0.0,0.0,0.0,0.0,0.0,0.0,0.0,0.0,1.0,0.0,0.0,0.0,0.0,0.0,1.0,0.0,0.0,0.0,0.0,0.0,0.0,0.0,0.0,0.0,0.0,0.0,0.0,0.0,0.0,0.0,0.0,0.0,0.0,0.0,0.0,0.0,0.0,0.0,0.0,0.0,0.0,0.0,0.0,0.0,0.0,0.0,0.0,0.0,0.0,0.0,0.0,0.0,0.0,0.0,0.0,0.0,0.0,0.0,0.0,0.0,0.0,0.0,0.0,0.0,0.0,0.0,0.0,0.3598901856709383,0.0,0.0,0.0,0.0,0.0,0.0,0.0,0.0,0.0,0.0,0.0,0.6597268579714403,0.0,0.6597268579714403,0.0,0.0,0.0,0.0,0.0,0.0,0.0,0.0,0.0,0.0
"['british soul', 'neo soul']",72,1161907200.0,185186,1,67,0.643,0.871,1,-2.734,0,0.118,0.491,0.0,0.29,0.452,121.569,Tears Dry On Their Own Amy Winehouse ALBUM Back To Black,positive,medium,0.0,0.0,1.0,0.0,0.0,1.0,0.0,1.0,0.0,0.0,0.0,0.0,0.0,0.0,0.0,0.0,0.0,0.0,1.0,0.0,0.0,0.0,0.0,0.0,0.0,0.0,0.0,0.0,0.4082482904638631,0.0,0.0,0.0,0.0,0.0,0.0,0.0,0.0,0.0,0.0,0.0,0.0,0.0,0.0,0.0,0.0,0.0,0.0,0.0,0.0,0.0,0.0,0.0,0.0,0.0,0.0,0.0,0.0,0.0,0.0,0.0,0.0,0.0,0.0,0.0,0.0,0.0,0.0,0.0,0.4082482904638631,0.0,0.0,0.0,0.0,0.0,0.0,0.0,0.0,0.0,0.0,0.0,0.0,0.0,0.0,0.0,0.0,0.0,0.0,0.8164965809277261,0.0,0.0,0.0,0.0,0.0,0.0,0.0,0.0,0.0
['latin pop'],54,1072915200.0,195666,0,65,0.672,0.779,11,-5.249,1,0.0285,0.161,0.0,0.152,0.725,97.017,Sin Despertar Kudai ALBUM Vuelo,neutral,low,0.0,1.0,0.0,0.0,1.0,0.0,0.0,0.0,0.0,0.0,0.0,0.0,0.0,0.0,0.0,0.0,0.0,1.0,0.0,1.0,0.0,0.0,0.0,0.0,0.0,0.0,0.0,0.0,0.0,0.0,0.0,0.0,0.0,0.0,0.0,0.0,0.0,0.0,0.0,0.0,0.0,0.0,0.0,0.0,0.0,0.0,0.0,0.0,0.0,0.0,0.0,0.0,0.0,0.0,0.0,0.0,0.0,0.0,0.0,0.0,0.0,0.0,0.0,0.0,0.8284623500486551,0.0,0.0,0.0,0.0,0.0,0.0,0.0,0.5600447612038343,0.0,0.0,0.0,0.0,0.0,0.0,0.0,0.0,0.0,0.0,0.0,0.0,0.0,0.0,0.0,0.0,0.0,0.0,0.0,0.0,0.0,0.0,0.0,0.0
"['latin alternative', 'latin rock', 'mexican indie', 'mexican rock']",48,1686873600.0,156698,0,54,0.588,0.612,0,-4.337,1,0.0374,0.0241,0.0,0.0452,0.782,167.243,Fallaste Comisario Pantera SINGLE Fallaste,negative,low,1.0,0.0,0.0,0.0,1.0,0.0,1.0,0.0,0.0,0.0,0.0,0.0,0.0,0.0,0.0,0.0,0.0,0.0,0.0,1.0,0.0,0.0,0.25027771595719134,0.0,0.0,0.0,0.0,0.0,0.0,0.0,0.0,0.0,0.0,0.0,0.0,0.0,0.0,0.0,0.0,0.0,0.0,0.0,0.0,0.0,0.0,0.0,0.0,0.0,0.0,0.0,0.0,0.0,0.0,0.0,0.0,0.0,0.0,0.2319118182256554,0.0,0.0,0.0,0.0,0.0,0.0,0.4638236364513108,0.0,0.7016510716521023,0.0,0.0,0.0,0.0,0.0,0.0,0.0,0.0,0.0,0.0,0.0,0.0,0.0,0.0,0.41968009409675483,0.0,0.0,0.0,0.0,0.0,0.0,0.0,0.0,0.0,0.0,0.0,0.0,0.0,0.0,0.0
"['colombian pop', 'latin pop', 'reggaeton colombiano']",77,1587081600.0,207545,0,59,0.818,0.201,0,-8.7,1,0.0456,0.832,0.0,0.105,0.769,110.003,Medialuna Camilo ALBUM Por Primera Vez,neutral,low,0.0,1.0,0.0,0.0,1.0,0.0,1.0,0.0,0.0,0.0,0.0,0.0,0.0,0.0,0.0,0.0,0.0,0.0,0.0,1.0,0.0,0.0,0.0,0.0,0.0,0.0,0.0,0.0,0.0,0.0,0.0,0.0,0.0,0.0,0.0,0.0,0.0,0.510142972622693,0.0,0.47185682091700376,0.0,0.0,0.0,0.0,0.0,0.0,0.0,0.0,0.0,0.0,0.0,0.0,0.0,0.0,0.0,0.0,0.0,0.0,0.0,0.0,0.0,0.0,0.0,0.0,0.33722797303623275,0.0,0.0,0.0,0.0,0.0,0.0,0.0,0.45593564902312883,0.0,0.0,0.0,0.0,0.4421597745040959,0.0,0.0,0.0,0.0,0.0,0.0,0.0,0.0,0.0,0.0,0.0,0.0,0.0,0.0,0.0,0.0,0.0,0.0,0.0
"['anime', 'j-pop']",71,1665532800.0,193495,0,85,0.577,0.941,1,-5.17,1,0.105,0.00207,3.36e-06,0.0891,0.292,101.921,KICK BACK Kenshi Yonezu SINGLE KICK BACK,negative,low,1.0,0.0,0.0,0.0,1.0,0.0,0.0,1.0,0.0,0.0,0.0,0.0,0.0,0.0,0.0,0.0,0.0,0.0,0.0,1.0,0.0,0.0,0.0,0.8888202054599564,0.0,0.0,0.0,0.0,0.0,0.0,0.0,0.0,0.0,0.0,0.0,0.0,0.0,0.0,0.0,0.0,0.0,0.0,0.0,0.0,0.0,0.0,0.0,0.0,0.0,0.0,0.0,0.0,0.0,0.0,0.0,0.0,0.0,0.0,0.0,0.0,0.0,0.0,0.0,0.0,0.0,0.0,0.0,0.0,0.0,0.0,0.0,0.0,0.45825608819318553,0.0,0.0,0.0,0.0,0.0,0.0,0.0,0.0,0.0,0.0,0.0,0.0,0.0,0.0,0.0,0.0,0.0,0.0,0.0,0.0,0.0,0.0,0.0,0.0
['gen z singer-songwriter'],75,1630454400.0,177720,0,87,0.539,0.508,10,-6.05,1,0.0288,0.727,0.0,0.174,0.227,101.358,Until I Found You Stephen Sanchez SINGLE Until I Found You,negative,low,1.0,0.0,0.0,0.0,1.0,0.0,0.0,0.0,0.0,0.0,0.0,0.0,0.0,0.0,0.0,0.0,1.0,0.0,0.0,1.0,0.0,0.0,0.0,0.0,0.0,0.0,0.0,0.0,0.0,0.0,0.0,0.0,0.0,0.0,0.0,0.0,0.0,0.0,0.0,0.0,0.0,0.0,0.0,0.0,0.0,0.0,0.0,0.0,0.0,0.0,0.0,0.0,0.6904591596007082,0.0,0.0,0.0,0.0,0.0,0.0,0.0,0.0,0.0,0.0,0.0,0.0,0.0,0.0,0.0,0.0,0.0,0.0,0.0,0.0,0.0,0.0,0.0,0.0,0.0,0.0,0.0,0.0,0.0,0.0,0.0,0.5115008059248214,0.0,0.5115008059248214,0.0,0.0,0.0,0.0,0.0,0.0,0.0,0.0,0.0,0.0
['j-poprock'],50,1424822400.0,252133,0,71,0.491,0.879,6,-2.722,0,0.0652,0.391,0.0,0.342,0.571,160.092,光るなら Goose house ALBUM Milk,neutral,low,0.0,1.0,0.0,0.0,1.0,0.0,0.0,0.0,0.0,0.0,0.0,0.0,1.0,0.0,0.0,0.0,0.0,0.0,1.0,0.0,0.0,0.0,0.0,0.0,0.0,0.0,0.0,0.0,0.0,0.0,0.0,0.0,0.0,0.0,0.0,0.0,0.0,0.0,0.0,0.0,0.0,0.0,0.0,0.0,0.0,0.0,0.0,0.0,0.0,0.0,0.0,0.0,0.0,0.0,0.0,0.0,0.0,0.0,0.0,0.0,0.0,0.0,0.0,0.0,0.0,0.0,0.0,0.0,0.0,0.0,0.0,0.0,0.0,1.0,0.0,0.0,0.0,0.0,0.0,0.0,0.0,0.0,0.0,0.0,0.0,0.0,0.0,0.0,0.0,0.0,0.0,0.0,0.0,0.0,0.0,0.0,0.0
"['french indie pop', 'french indietronica']",47,1421625600.0,120165,0,67,0.882,0.161,8,-9.385,0,0.0458,0.913,0.0,0.128,0.698,106.105,Ulysses and the Sea Papooz SINGLE Papooz,negative,low,1.0,0.0,0.0,0.0,1.0,0.0,0.0,0.0,0.0,0.0,0.0,0.0,0.0,0.0,1.0,0.0,0.0,0.0,1.0,0.0,0.0,0.0,0.0,0.0,0.0,0.0,0.0,0.0,0.0,0.0,0.0,0.0,0.0,0.0,0.0,0.0,0.0,0.0,0.0,0.0,0.0,0.0,0.0,0.0,0.0,0.0,0.0,0.0,0.0,0.8049477423972133,0.0,0.0,0.0,0.0,0.0,0.0,0.0,0.2876411694559886,0.4811570381768855,0.0,0.0,0.0,0.0,0.0,0.0,0.0,0.0,0.0,0.0,0.0,0.0,0.0,0.19444689315200617,0.0,0.0,0.0,0.0,0.0,0.0,0.0,0.0,0.0,0.0,0.0,0.0,0.0,0.0,0.0,0.0,0.0,0.0,0.0,0.0,0.0,0.0,0.0,0.0
"['la indie', 'modern alternative rock', 'modern rock', 'pop rock', 'pov: indie']",63,1500854400.0,193253,0,70,0.636,0.836,8,-3.004,1,0.0427,0.00609,0.000157,0.0828,0.715,139.956,HandClap Fitz and The Tantrums ALBUM Fitz and The Tantrums (Deluxe Edition),positive,high,0.0,0.0,1.0,1.0,0.0,0.0,0.0,0.0,0.0,0.0,0.0,0.0,0.0,0.0,1.0,0.0,0.0,0.0,0.0,1.0,0.0,0.0,0.21338891168617471,0.0,0.0,0.0,0.0,0.0,0.0,0.0,0.0,0.0,0.0,0.0,0.0,0.0,0.0,0.0,0.0,0.0,0.0,0.0,0.0,0.0,0.0,0.0,0.0,0.0,0.0,0.0,0.0,0.0,0.0,0.0,0.0,0.0,0.0,0.395459981797174,0.0,0.0,0.0,0.0,0.0,0.33075646632727135,0.0,0.0,0.0,0.5533363324834912,0.0,0.0,0.0,0.0,0.13366647926623573,0.0,0.2766681662417456,0.0,0.0,0.0,0.0,0.0,0.0,0.5367342325693261,0.0,0.0,0.0,0.0,0.0,0.0,0.0,0.0,0.0,0.0,0.0,0.0,0.0,0.0,0.0
[],49,1524787200.0,238602,0,30,0.711,0.491,4,-10.699,1,0.0307,0.685,0.0,0.21,0.951,131.023,Cómo Te Atreves Dani J ALBUM Experiencias,neutral,low,0.0,1.0,0.0,0.0,1.0,0.0,0.0,0.0,0.0,0.0,1.0,0.0,0.0,0.0,0.0,0.0,0.0,0.0,0.0,1.0,0.0,0.0,0.0,0.0,0.0,0.0,0.0,0.0,0.0,0.0,0.0,0.0,0.0,0.0,0.0,0.0,0.0,0.0,0.0,0.0,0.0,0.0,0.0,0.0,0.0,0.0,0.0,0.0,0.0,0.0,0.0,0.0,0.0,0.0,0.0,0.0,0.0,0.0,0.0,0.0,0.0,0.0,0.0,0.0,0.0,0.0,0.0,0.0,0.0,0.0,0.0,0.0,0.0,0.0,0.0,0.0,0.0,0.0,0.0,0.0,0.0,0.0,0.0,0.0,0.0,0.0,0.0,0.0,0.0,0.0,0.0,0.0,0.0,0.0,0.0,0.0,0.0
"['cantautor', 'folclore tucumano', 'folklore argentino', 'nueva cancion', 'trova']",57,1687996800.0,311669,0,48,0.408,0.26,7,-12.15,1,0.0367,0.954,2.07e-06,0.0865,0.324,107.043,Razón de Vivir Mercedes Sosa SINGLE Razón de Vivir,negative,low,1.0,0.0,0.0,0.0,1.0,0.0,0.0,0.0,0.0,0.0,0.0,0.0,0.0,1.0,0.0,0.0,0.0,0.0,0.0,1.0,0.0,0.0,0.0,0.0,0.0,0.0,0.2604757470891136,0.0,0.0,0.3697602770529156,0.33438960848219407,0.0,0.0,0.0,0.0,0.0,0.0,0.0,0.0,0.0,0.0,0.0,0.0,0.0,0.0,0.0,0.0,0.3697602770529156,0.3697602770529156,0.0,0.0,0.0,0.0,0.0,0.0,0.0,0.0,0.0,0.0,0.0,0.0,0.0,0.0,0.0,0.0,0.0,0.0,0.0,0.0,0.3697602770529156,0.0,0.0,0.0,0.0,0.0,0.0,0.0,0.0,0.0,0.0,0.0,0.0,0.0,0.0,0.0,0.0,0.0,0.0,0.0,0.0,0.0,0.0,0.0,0.3697602770529156,0.3697602770529156,0.0,0.0
"['argentine rock', 'rock en espanol', 'rock uruguayo']",66,1083369600.0,218853,0,54,0.635,0.661,1,-7.231,0,0.0282,0.0115,2.93e-06,0.117,0.809,102.984,No Quiero Ser Normal El Cuarteto De Nos COMPILATION Grandes Exitos / Greatest Hits,positive,high,0.0,0.0,1.0,1.0,0.0,0.0,0.0,1.0,0.0,0.0,0.0,0.0,0.0,0.0,0.0,0.0,0.0,0.0,1.0,0.0,0.0,0.0,0.0,0.0,0.0,0.31977019743908697,0.0,0.0,0.0,0.0,0.0,0.0,0.0,0.0,0.0,0.0,0.0,0.0,0.0,0.0,0.0,0.0,0.0,0.0,0.0,0.30546994010849704,0.30546994010849704,0.0,0.0,0.0,0.0,0.0,0.0,0.0,0.0,0.0,0.0,0.0,0.0,0.0,0.0,0.0,0.0,0.0,0.0,0.0,0.0,0.0,0.0,0.0,0.0,0.0,0.0,0.0,0.0,0.0,0.0,0.0,0.0,0.0,0.0,0.7366172723010708,0.0,0.0,0.0,0.0,0.0,0.0,0.0,0.0,0.0,0.0,0.0,0.0,0.0,0.0,0.41050973966243465
"['australian dance', 'australian pop', 'pop']",81,1541030400.0,165900,0,78,0.716,0.512,1,-6.257,1,0.0331,0.483,0.0,0.0928,0.326,104.957,Snowman Sia ALBUM Everyday Is Christmas (Deluxe Edition),positive,high,0.0,0.0,1.0,1.0,0.0,0.0,0.0,1.0,0.0,0.0,0.0,0.0,0.0,0.0,0.0,0.0,0.0,0.0,0.0,1.0,0.0,0.0,0.0,0.0,0.0,0.0,0.0,0.8411634343664329,0.0,0.0,0.0,0.0,0.0,0.0,0.0,0.0,0.0,0.0,0.0,0.0,0.0,0.0,0.42058171718321646,0.0,0.0,0.0,0.0,0.0,0.0,0.0,0.0,0.0,0.0,0.0,0.0,0.0,0.0,0.0,0.0,0.0,0.0,0.0,0.0,0.0,0.0,0.0,0.0,0.0,0.0,0.0,0.0,0.0,0.3399339580802203,0.0,0.0,0.0,0.0,0.0,0.0,0.0,0.0,0.0,0.0,0.0,0.0,0.0,0.0,0.0,0.0,0.0,0.0,0.0,0.0,0.0,0.0,0.0,0.0
"['argentine rock', 'rock en espanol', 'rock uruguayo']",66,1335484800.0,242120,0,72,0.687,0.851,1,-3.413,0,0.0409,0.0977,0.0,0.0785,0.637,94.963,Lo malo de ser bueno El Cuarteto De Nos ALBUM Porfiado,neutral,low,0.0,1.0,0.0,0.0,1.0,0.0,0.0,1.0,0.0,0.0,0.0,0.0,0.0,0.0,0.0,0.0,0.0,0.0,1.0,0.0,0.0,0.0,0.0,0.0,0.0,0.31977019743908697,0.0,0.0,0.0,0.0,0.0,0.0,0.0,0.0,0.0,0.0,0.0,0.0,0.0,0.0,0.0,0.0,0.0,0.0,0.0,0.30546994010849704,0.30546994010849704,0.0,0.0,0.0,0.0,0.0,0.0,0.0,0.0,0.0,0.0,0.0,0.0,0.0,0.0,0.0,0.0,0.0,0.0,0.0,0.0,0.0,0.0,0.0,0.0,0.0,0.0,0.0,0.0,0.0,0.0,0.0,0.0,0.0,0.0,0.7366172723010708,0.0,0.0,0.0,0.0,0.0,0.0,0.0,0.0,0.0,0.0,0.0,0.0,0.0,0.0,0.41050973966243465
"['jamaican ska', 'rocksteady', 'ska', 'ska revival']",33,937353600.0,155933,0,47,0.825,0.652,2,-8.031,0,0.0576,0.51,0.0,0.316,0.96,136.275,Quizás Quizás Laurel Aitken ALBUM En Español,neutral,low,0.0,1.0,0.0,0.0,1.0,0.0,0.0,0.0,1.0,0.0,0.0,0.0,0.0,0.0,0.0,0.0,0.0,0.0,1.0,0.0,0.0,0.0,0.0,0.0,0.0,0.0,0.0,0.0,0.0,0.0,0.0,0.0,0.0,0.0,0.0,0.0,0.0,0.0,0.0,0.0,0.0,0.0,0.0,0.0,0.0,0.0,0.0,0.0,0.0,0.0,0.0,0.0,0.0,0.0,0.0,0.0,0.0,0.0,0.0,0.0,0.3424044523232308,0.0,0.0,0.0,0.0,0.0,0.0,0.0,0.0,0.0,0.0,0.0,0.0,0.0,0.0,0.0,0.0,0.0,0.0,0.3424044523232308,0.0,0.0,0.3424044523232308,0.0,0.0,0.8051568624110989,0.0,0.0,0.0,0.0,0.0,0.0,0.0,0.0,0.0,0.0,0.0
"['argentine rock', 'latin alternative', 'latin rock', 'rock en espanol', 'ska', 'ska argentino']",67,1072915200.0,277893,0,36,0.706,0.683,7,-4.522,1,0.0357,0.353,1.65e-05,0.132,0.962,134.639,Vasos Vacíos - En Vivo Los Fabulosos Cadillacs COMPILATION Fabulosos Exitos,neutral,low,0.0,1.0,0.0,0.0,1.0,0.0,0.0,0.0,0.0,0.0,0.0,0.0,0.0,1.0,0.0,0.0,0.0,0.0,0.0,1.0,0.0,0.0,0.21705305841330497,0.0,0.0,0.2370005989052837,0.2370005989052837,0.0,0.0,0.0,0.0,0.0,0.0,0.0,0.0,0.0,0.0,0.0,0.0,0.0,0.0,0.0,0.0,0.0,0.0,0.22640183273197545,0.22640183273197545,0.0,0.0,0.0,0.0,0.0,0.0,0.0,0.0,0.0,0.0,0.0,0.0,0.0,0.0,0.0,0.0,0.0,0.40225050988302014,0.0,0.0,0.0,0.0,0.0,0.0,0.0,0.0,0.0,0.0,0.0,0.0,0.0,0.0,0.0,0.0,0.5459506110871565,0.0,0.0,0.0,0.5274147133841832,0.0,0.0,0.0,0.0,0.0,0.0,0.0,0.0,0.0,0.0,0.0
[],31,1653782400.0,217595,0,36,0.787,0.79,1,-8.064,1,0.0359,0.268,2.57e-05,0.133,0.963,140.008,Fuentes de Ortiz Baby Aventurero SINGLE Fuentes de Ortiz,negative,low,1.0,0.0,0.0,0.0,1.0,0.0,0.0,1.0,0.0,0.0,0.0,0.0,0.0,0.0,0.0,0.0,0.0,0.0,0.0,1.0,0.0,0.0,0.0,0.0,0.0,0.0,0.0,0.0,0.0,0.0,0.0,0.0,0.0,0.0,0.0,0.0,0.0,0.0,0.0,0.0,0.0,0.0,0.0,0.0,0.0,0.0,0.0,0.0,0.0,0.0,0.0,0.0,0.0,0.0,0.0,0.0,0.0,0.0,0.0,0.0,0.0,0.0,0.0,0.0,0.0,0.0,0.0,0.0,0.0,0.0,0.0,0.0,0.0,0.0,0.0,0.0,0.0,0.0,0.0,0.0,0.0,0.0,0.0,0.0,0.0,0.0,0.0,0.0,0.0,0.0,0.0,0.0,0.0,0.0,0.0,0.0,0.0
['sad rap'],72,1651795200.0,171946,1,76,0.828,0.658,6,-6.19,0,0.14,0.81,1.06e-06,0.277,0.917,103.051,Understand BoyWithUke ALBUM Serotonin Dreams,neutral,low,0.0,1.0,0.0,0.0,1.0,0.0,0.0,0.0,0.0,0.0,0.0,0.0,1.0,0.0,0.0,0.0,0.0,0.0,1.0,0.0,0.0,0.0,0.0,0.0,0.0,0.0,0.0,0.0,0.0,0.0,0.0,0.0,0.0,0.0,0.0,0.0,0.0,0.0,0.0,0.0,0.0,0.0,0.0,0.0,0.0,0.0,0.0,0.0,0.0,0.0,0.0,0.0,0.0,0.0,0.0,0.0,0.0,0.0,0.0,0.0,0.0,0.0,0.0,0.0,0.0,0.0,0.0,0.0,0.0,0.0,0.0,0.0,0.0,0.0,0.0,0.0,0.6707418987399656,0.0,0.0,0.0,0.0,0.0,0.0,0.7416908421132795,0.0,0.0,0.0,0.0,0.0,0.0,0.0,0.0,0.0,0.0,0.0,0.0,0.0
"['french indie pop', 'french synthpop']",56,1611878400.0,227026,0,64,0.696,0.354,6,-14.043,0,0.0353,0.767,0.00158,0.128,0.242,119.938,Amour plastique Videoclub ALBUM Euphories,neutral,low,0.0,1.0,0.0,0.0,1.0,0.0,0.0,0.0,0.0,0.0,0.0,0.0,1.0,0.0,0.0,0.0,0.0,0.0,1.0,0.0,0.0,0.0,0.0,0.0,0.0,0.0,0.0,0.0,0.0,0.0,0.0,0.0,0.0,0.0,0.0,0.0,0.0,0.0,0.0,0.0,0.0,0.0,0.0,0.0,0.0,0.0,0.0,0.0,0.0,0.8224780275746949,0.0,0.0,0.0,0.0,0.0,0.0,0.0,0.2939054664578423,0.0,0.0,0.0,0.0,0.0,0.0,0.0,0.0,0.0,0.0,0.0,0.0,0.0,0.0,0.1986815897779989,0.0,0.0,0.0,0.0,0.0,0.0,0.0,0.0,0.0,0.0,0.0,0.0,0.0,0.0,0.0,0.0,0.44460667654267677,0.0,0.0,0.0,0.0,0.0,0.0,0.0
"['reggaeton', 'reggaeton colombiano', 'trap latino', 'urbano latino']",84,1622160000.0,217773,0,75,0.891,0.819,8,-3.964,1,0.106,0.0261,0.000354,0.173,0.768,101.968,Qué Más Pues? J Balvin SINGLE Qué Más Pues?,negative,low,1.0,0.0,0.0,0.0,1.0,0.0,0.0,0.0,0.0,0.0,0.0,0.0,0.0,0.0,1.0,0.0,0.0,0.0,0.0,1.0,0.0,0.0,0.0,0.0,0.0,0.0,0.0,0.0,0.0,0.0,0.0,0.0,0.0,0.0,0.0,0.0,0.0,0.0,0.0,0.3292004869323281,0.0,0.0,0.0,0.0,0.0,0.0,0.0,0.0,0.0,0.0,0.0,0.0,0.0,0.0,0.0,0.0,0.0,0.0,0.0,0.0,0.0,0.0,0.0,0.0,0.0,0.5544809823199233,0.0,0.0,0.0,0.0,0.0,0.0,0.0,0.0,0.0,0.0,0.0,0.6169634796663862,0.0,0.0,0.0,0.0,0.0,0.0,0.0,0.0,0.0,0.0,0.0,0.0,0.0,0.3292004869323281,0.0,0.0,0.0,0.3084817398331931,0.0
[],41,1648166400.0,116053,0,48,0.587,0.342,10,-9.604,1,0.0477,0.638,7.84e-06,0.0983,0.345,89.836,My Sunny Day - Kina Remix Ted Fresco SINGLE My Sunny Day (Kina Remix),negative,low,1.0,0.0,0.0,0.0,1.0,0.0,0.0,0.0,0.0,0.0,0.0,0.0,0.0,0.0,0.0,0.0,1.0,0.0,0.0,1.0,0.0,0.0,0.0,0.0,0.0,0.0,0.0,0.0,0.0,0.0,0.0,0.0,0.0,0.0,0.0,0.0,0.0,0.0,0.0,0.0,0.0,0.0,0.0,0.0,0.0,0.0,0.0,0.0,0.0,0.0,0.0,0.0,0.0,0.0,0.0,0.0,0.0,0.0,0.0,0.0,0.0,0.0,0.0,0.0,0.0,0.0,0.0,0.0,0.0,0.0,0.0,0.0,0.0,0.0,0.0,0.0,0.0,0.0,0.0,0.0,0.0,0.0,0.0,0.0,0.0,0.0,0.0,0.0,0.0,0.0,0.0,0.0,0.0,0.0,0.0,0.0,0.0
"['argentine rock', 'latin alternative', 'latin rock', 'rock en espanol', 'ska argentino']",65,614908800.0,313000,0,74,0.742,0.61,9,-7.596,1,0.0853,0.175,0.0,0.0493,0.722,113.281,Loco (Tu Forma De Ser) Los Auténticos Decadentes ALBUM El Milagro Argentino,neutral,low,0.0,1.0,0.0,0.0,1.0,0.0,0.0,0.0,0.0,0.0,0.0,0.0,0.0,0.0,0.0,1.0,0.0,0.0,0.0,1.0,0.0,0.0,0.2439914830749621,0.0,0.0,0.26641471002193334,0.26641471002193334,0.0,0.0,0.0,0.0,0.0,0.0,0.0,0.0,0.0,0.0,0.0,0.0,0.0,0.0,0.0,0.0,0.0,0.0,0.2545005324641768,0.2545005324641768,0.0,0.0,0.0,0.0,0.0,0.0,0.0,0.0,0.0,0.0,0.0,0.0,0.0,0.0,0.0,0.0,0.0,0.4521737642928399,0.0,0.0,0.0,0.0,0.0,0.0,0.0,0.0,0.0,0.0,0.0,0.0,0.0,0.0,0.0,0.0,0.6137084649191553,0.0,0.0,0.0,0.29643603977495203,0.0,0.0,0.0,0.0,0.0,0.0,0.0,0.0,0.0,0.0,0.0
"['denpa-kei', 'future funk']",47,1613088000.0,341746,0,56,0.57,0.893,5,-2.967,1,0.317,0.409,0.0,0.606,0.515,110.058,Stay with Me - Night Tempo Showa Groove Mix Night Tempo SINGLE Miki Matsubara Night Tempo Presents the Showa Groove,negative,low,1.0,0.0,0.0,0.0,1.0,0.0,0.0,0.0,0.0,0.0,0.0,1.0,0.0,0.0,0.0,0.0,0.0,0.0,0.0,1.0,0.0,0.0,0.0,0.0,0.0,0.0,0.0,0.0,0.0,0.0,0.0,0.0,0.0,0.0,0.0,0.0,0.0,0.0,0.0,0.0,0.0,0.0,0.0,0.5,0.0,0.0,0.0,0.0,0.0,0.0,0.5,0.5,0.0,0.0,0.0,0.0,0.0,0.0,0.0,0.0,0.0,0.0,0.5,0.0,0.0,0.0,0.0,0.0,0.0,0.0,0.0,0.0,0.0,0.0,0.0,0.0,0.0,0.0,0.0,0.0,0.0,0.0,0.0,0.0,0.0,0.0,0.0,0.0,0.0,0.0,0.0,0.0,0.0,0.0,0.0,0.0,0.0
"['chilean indie', 'chilean rock', 'cumbia chilena', 'pop chileno']",43,1594339200.0,214507,0,48,0.806,0.909,4,-5.681,1,0.0875,0.0671,0.0,0.0329,0.949,110.028,Rico Rico Moral Distraida SINGLE Rico Rico,negative,low,1.0,0.0,0.0,0.0,1.0,0.0,0.0,0.0,0.0,0.0,1.0,0.0,0.0,0.0,0.0,0.0,0.0,0.0,0.0,1.0,0.0,0.0,0.0,0.0,0.0,0.0,0.0,0.0,0.0,0.0,0.0,0.0,0.7386764633951834,0.3693382316975917,0.3089406910812568,0.0,0.0,0.0,0.0,0.0,0.0,0.3340079353012529,0.0,0.0,0.0,0.0,0.0,0.0,0.0,0.0,0.0,0.0,0.0,0.0,0.0,0.0,0.0,0.2207946106178474,0.0,0.0,0.0,0.0,0.0,0.0,0.0,0.0,0.0,0.0,0.0,0.0,0.0,0.0,0.14925827947558962,0.0,0.0,0.0,0.0,0.0,0.0,0.0,0.0,0.19978089876815,0.0,0.0,0.0,0.0,0.0,0.0,0.0,0.0,0.0,0.0,0.0,0.0,0.0,0.0,0.0
"['trap chileno', 'trap triste', 'urbano chileno', 'urbano latino']",69,1644796800.0,227220,0,79,0.802,0.846,1,-4.495,1,0.207,0.233,1.92e-05,0.114,0.26,109.982,ULTRA SOLO Polimá Westcoast SINGLE ULTRA SOLO,negative,low,1.0,0.0,0.0,0.0,1.0,0.0,0.0,1.0,0.0,0.0,0.0,0.0,0.0,0.0,0.0,0.0,0.0,0.0,0.0,1.0,0.0,0.0,0.0,0.0,0.0,0.0,0.0,0.0,0.0,0.0,0.0,0.0,0.0,0.0,0.5465531100518315,0.0,0.0,0.0,0.0,0.0,0.0,0.0,0.0,0.0,0.0,0.0,0.0,0.0,0.0,0.0,0.0,0.0,0.0,0.0,0.0,0.0,0.0,0.0,0.0,0.0,0.0,0.0,0.0,0.0,0.0,0.2301434212442748,0.0,0.0,0.0,0.0,0.0,0.0,0.0,0.0,0.0,0.0,0.0,0.0,0.0,0.0,0.0,0.0,0.0,0.0,0.0,0.0,0.0,0.0,0.0,0.0,0.0,0.5465531100518315,0.295450034733165,0.0,0.0,0.5121549359515077,0.0
"['latin afrobeat', 'latin alternative', 'latin hip hop', 'puerto rican rock', 'rap conciencia', 'reggaeton', 'rock en espanol']",66,1216598400.0,293320,1,60,0.573,0.856,0,-5.754,1,0.199,0.0629,0.0,0.108,0.687,199.952,No Hay Nadie Como Tú (feat. Café Tacuba) Calle 13 ALBUM Los De Atrás Vienen Conmigo,neutral,low,0.0,1.0,0.0,0.0,1.0,0.0,1.0,0.0,0.0,0.0,0.0,0.0,0.0,0.0,0.0,0.0,0.0,0.0,0.0,1.0,0.0,0.27585908839012124,0.17797163968991986,0.0,0.0,0.0,0.0,0.0,0.0,0.0,0.0,0.0,0.0,0.0,0.0,0.0,0.0,0.0,0.0,0.0,0.27585908839012124,0.0,0.0,0.0,0.0,0.18563712345111438,0.18563712345111438,0.0,0.0,0.0,0.0,0.0,0.0,0.0,0.0,0.27585908839012124,0.27585908839012124,0.0,0.0,0.0,0.0,0.0,0.0,0.0,0.49473513527049506,0.0,0.0,0.0,0.0,0.0,0.0,0.0,0.0,0.0,0.0,0.27585908839012124,0.24947085527477225,0.21622561327571332,0.0,0.0,0.27585908839012124,0.298433099431013,0.0,0.0,0.0,0.0,0.0,0.0,0.0,0.0,0.0,0.0,0.0,0.0,0.0,0.0,0.0
"['latin pop', 'pop argentino']",78,1636588800.0,160212,0,70,0.523,0.691,1,-3.802,1,0.0833,0.133,0.0,0.327,0.677,94.148,Bar TINI SINGLE Bar,negative,low,1.0,0.0,0.0,0.0,1.0,0.0,0.0,1.0,0.0,0.0,0.0,0.0,0.0,0.0,0.0,0.0,0.0,0.0,0.0,1.0,0.0,0.0,0.0,0.0,0.0,0.0,0.5738614524342278,0.0,0.0,0.0,0.0,0.0,0.0,0.0,0.0,0.0,0.0,0.0,0.0,0.0,0.0,0.0,0.0,0.0,0.0,0.0,0.0,0.0,0.0,0.0,0.0,0.0,0.0,0.0,0.0,0.0,0.0,0.0,0.0,0.0,0.0,0.0,0.0,0.0,0.48699468041456573,0.0,0.0,0.0,0.0,0.0,0.0,0.0,0.658421760468162,0.0,0.0,0.0,0.0,0.0,0.0,0.0,0.0,0.0,0.0,0.0,0.0,0.0,0.0,0.0,0.0,0.0,0.0,0.0,0.0,0.0,0.0,0.0,0.0
"['chicha', 'cumbia colombiana regia', 'latin alternative', 'mexican rock', 'rock en espanol']",55,984960000.0,213133,0,69,0.81,0.508,9,-9.062,1,0.0455,0.44,0.0,0.111,0.31,88.089,Aunque no sea conmigo (feat. Café Tacvba) Celso Piña ALBUM Barrio Bravo,neutral,low,0.0,1.0,0.0,0.0,1.0,0.0,0.0,0.0,0.0,0.0,0.0,0.0,0.0,0.0,0.0,1.0,0.0,0.0,0.0,1.0,0.0,0.0,0.23580770752988803,0.0,0.0,0.0,0.0,0.0,0.0,0.0,0.0,0.36550598369434245,0.0,0.0,0.0,0.0,0.0,0.0,0.36550598369434245,0.0,0.0,0.330542273928358,0.0,0.0,0.0,0.2459642704293714,0.2459642704293714,0.0,0.0,0.0,0.0,0.0,0.0,0.0,0.0,0.0,0.0,0.0,0.0,0.0,0.0,0.0,0.0,0.0,0.21850364901937075,0.0,0.330542273928358,0.0,0.0,0.0,0.0,0.0,0.0,0.0,0.0,0.0,0.0,0.0,0.36550598369434245,0.0,0.0,0.3954159502630697,0.0,0.0,0.0,0.0,0.0,0.0,0.0,0.0,0.0,0.0,0.0,0.0,0.0,0.0,0.0
"['french indie pop', 'french synthpop']",56,1611878400.0,224226,0,60,0.704,0.467,9,-9.263,1,0.0342,0.559,0.00117,0.0947,0.29,107.993,Roi Videoclub ALBUM Euphories,neutral,low,0.0,1.0,0.0,0.0,1.0,0.0,0.0,0.0,0.0,0.0,0.0,0.0,0.0,0.0,0.0,1.0,0.0,0.0,0.0,1.0,0.0,0.0,0.0,0.0,0.0,0.0,0.0,0.0,0.0,0.0,0.0,0.0,0.0,0.0,0.0,0.0,0.0,0.0,0.0,0.0,0.0,0.0,0.0,0.0,0.0,0.0,0.0,0.0,0.0,0.8224780275746949,0.0,0.0,0.0,0.0,0.0,0.0,0.0,0.2939054664578423,0.0,0.0,0.0,0.0,0.0,0.0,0.0,0.0,0.0,0.0,0.0,0.0,0.0,0.0,0.1986815897779989,0.0,0.0,0.0,0.0,0.0,0.0,0.0,0.0,0.0,0.0,0.0,0.0,0.0,0.0,0.0,0.0,0.44460667654267677,0.0,0.0,0.0,0.0,0.0,0.0,0.0
"['trap chileno', 'trap triste', 'urbano chileno', 'urbano latino']",69,1655337600.0,322347,0,81,0.909,0.824,1,-4.627,1,0.0797,0.0777,0.00387,0.0638,0.585,109.97,ULTRA SOLO REMIX Polimá Westcoast SINGLE ULTRA SOLO REMIX,negative,low,1.0,0.0,0.0,0.0,1.0,0.0,0.0,1.0,0.0,0.0,0.0,0.0,0.0,0.0,0.0,0.0,0.0,0.0,0.0,1.0,0.0,0.0,0.0,0.0,0.0,0.0,0.0,0.0,0.0,0.0,0.0,0.0,0.0,0.0,0.5465531100518315,0.0,0.0,0.0,0.0,0.0,0.0,0.0,0.0,0.0,0.0,0.0,0.0,0.0,0.0,0.0,0.0,0.0,0.0,0.0,0.0,0.0,0.0,0.0,0.0,0.0,0.0,0.0,0.0,0.0,0.0,0.2301434212442748,0.0,0.0,0.0,0.0,0.0,0.0,0.0,0.0,0.0,0.0,0.0,0.0,0.0,0.0,0.0,0.0,0.0,0.0,0.0,0.0,0.0,0.0,0.0,0.0,0.0,0.5465531100518315,0.295450034733165,0.0,0.0,0.5121549359515077,0.0
"['colombian pop', 'latin pop', 'reggaeton', 'reggaeton colombiano', 'urbano latino']",66,1390262400.0,241684,0,64,0.65,0.701,9,-6.177,1,0.231,0.135,0.0,0.0855,0.605,188.31,Buscándote Mike Bahía SINGLE Buscándote,negative,low,1.0,0.0,0.0,0.0,1.0,0.0,0.0,0.0,0.0,0.0,0.0,0.0,0.0,0.0,0.0,1.0,0.0,0.0,0.0,1.0,0.0,0.0,0.0,0.0,0.0,0.0,0.0,0.0,0.0,0.0,0.0,0.0,0.0,0.0,0.0,0.0,0.0,0.3662677061144604,0.0,0.3387793710520375,0.0,0.0,0.0,0.0,0.0,0.0,0.0,0.0,0.0,0.0,0.0,0.0,0.0,0.0,0.0,0.0,0.0,0.0,0.0,0.0,0.0,0.0,0.0,0.0,0.2421198031732245,0.28530747357198494,0.0,0.0,0.0,0.0,0.0,0.0,0.32734843615501485,0.0,0.0,0.0,0.0,0.6349155238230884,0.0,0.0,0.0,0.0,0.0,0.0,0.0,0.0,0.0,0.0,0.0,0.0,0.0,0.0,0.0,0.0,0.0,0.3174577619115442,0.0
"['argentine alternative rock', 'argentine indie', 'electronica argentina', 'pop argentino']",52,1655337600.0,194840,0,70,0.795,0.625,7,-6.966,1,0.0751,0.151,0.0,0.128,0.715,99.991,QUEREME LOUTA SINGLE QUEREME,negative,low,1.0,0.0,0.0,0.0,1.0,0.0,0.0,0.0,0.0,0.0,0.0,0.0,0.0,1.0,0.0,0.0,0.0,0.0,0.0,1.0,0.0,0.0,0.26997156213316537,0.0,0.41846054321389786,0.5895648039302921,0.29478240196514605,0.0,0.0,0.0,0.0,0.0,0.0,0.0,0.0,0.0,0.0,0.0,0.0,0.0,0.0,0.0,0.0,0.0,0.41846054321389786,0.0,0.0,0.0,0.0,0.0,0.0,0.0,0.0,0.0,0.0,0.0,0.0,0.2501604891353248,0.0,0.0,0.0,0.0,0.0,0.0,0.0,0.0,0.0,0.0,0.0,0.0,0.0,0.0,0.16910976267322145,0.0,0.0,0.0,0.0,0.0,0.0,0.0,0.0,0.22635193502180267,0.0,0.0,0.0,0.0,0.0,0.0,0.0,0.0,0.0,0.0,0.0,0.0,0.0,0.0,0.0
