id,track_name,track_artist_name,youtube_url,track_duration_ms,views,likes,track_album_release_date,track_album_type,track_album_name,artist_genres,artist_popularity,track_popularity,track_explicit,track_danceability,track_energy,track_key,track_loudness,track_mode,track_speechiness,track_acousticness,track_instrumentalness,track_liveness,track_valence,track_tempo,source_type,source_ref
XqN2qFvY64U,Anti-Hero (Official Lyric Video),Taylor Swift,https://youtube.com/watch?v=XqN2qFvY64U,204000,44685083,273189,2022-10-22T00:00:14Z,single,Anti-Hero (Official Lyric Video),[],93,93,False,0.934860093173605,1.0,1,-18.04921531677246,1,0.4685830352157034,0.816209569221855,0.0,0.0230434834957122,0.6189748146167218,95.703125,,
fHI8X4OXluQ,Blinding Lights,The Weeknd,https://youtube.com/watch?v=fHI8X4OXluQ,204000,856293258,6332171,2019-11-29T05:00:08Z,single,Blinding Lights,[],100,100,False,0.9040540900081786,1.0,5,-10.39339542388916,0,0.546758519746056,0.8125737605436395,0.0,0.0833271890878677,0.200379560918454,86.1328125,,
WHuBW3qKm9g,Levitating (Official Lyrics Video),Dua Lipa,https://youtube.com/watch?v=WHuBW3qKm9g,221000,144774298,1000558,2020-04-09T09:00:40Z,single,Levitating (Official Lyrics Video),[],100,100,False,0.9605834026108158,1.0,11,-11.539962768554688,1,0.5073475164167076,0.7883385206707999,0.0,0.0912253856658935,0.63846797189938,103.359375,,
V1Z586zoeeE,As It Was (Audio),Harry Styles,https://youtube.com/watch?v=V1Z586zoeeE,166000,4252020,204702,2022-05-20T04:18:44Z,single,As It Was (Audio),[],72,72,False,0.7571077453846145,1.0,11,-10.221630096435549,1,0.4745084163861087,0.8403780281337215,0.0,0.0629860609769821,0.7239432957799418,172.265625,,
tNJhkrpLGT8,drivers license,Unknown Artist,https://youtube.com/watch?v=tNJhkrpLGT8,243000,37621904,371458,2021-05-20T10:04:29Z,single,drivers license,[],91,91,False,0.8504310196382894,1.0,10,-18.285879135131836,0,0.5553397750742216,0.8525136940017841,0.0,0.0574498400092124,0.3092323208997323,143.5546875,,
fJ9rUzIMcZQ,Bohemian Rhapsody ( Remastered),Queen,https://youtube.com/watch?v=fJ9rUzIMcZQ,360000,2024735592,13847813,2008-08-01T11:06:40Z,single,Bohemian Rhapsody ( Remastered),[],100,100,False,0.8525583401308781,0.795543909072876,10,-25.148771286010746,0,0.6021713654603357,0.815273670156741,0.0,0.0427517853677272,0.3148183244764888,143.5546875,,
mQER0A0ej0M,Hey Jude (Remastered 2015),Unknown Artist,https://youtube.com/watch?v=mQER0A0ej0M,426000,92121835,731330,2018-06-17T11:17:26Z,single,Hey Jude (Remastered 2015),[],99,99,False,0.8242880165355129,1.0,5,-17.39569854736328,1,0.6043874981306825,0.7547146902128009,0.0,0.03563167527318,0.7367927964680798,151.99908088235293,,
QkF3oxziUI4,Stairway To Heaven,Led Zeppelin,https://youtube.com/watch?v=QkF3oxziUI4,483000,167506900,1442546,2018-07-04T00:02:29Z,single,Stairway To Heaven,[],100,100,False,0.848171272225843,0.2847493290901184,9,-32.00075149536133,1,0.3903472009656971,0.8552709298657258,0.0,0.0048249447718262,0.7088187355201412,143.5546875,,
hTWKbfoikeg,Smells Like Teen Spirit,Nirvana,https://youtube.com/watch?v=hTWKbfoikeg,279000,2128327001,14991456,2009-06-16T22:14:25Z,single,Smells Like Teen Spirit,[],100,100,False,0.9555813363130592,1.0,1,-15.297531127929688,0,0.5380804004435003,0.7681962122350421,0.0,0.0688416659832,0.2696782386192892,117.45383522727272,,
hq0rZ3IiyWw,Everlong,Foo Fighters,https://youtube.com/watch?v=hq0rZ3IiyWw,251000,11480107,109209,2013-10-30T17:09:28Z,single,Everlong,[],81,81,False,0.8730399200844019,1.0,11,-13.968132019042969,1,0.4111139731676476,0.8073909747915993,0.0,0.0528171062469482,0.5854964674176237,78.30255681818181,,
m1a_GqJf02M,God's Plan,Unknown Artist,https://youtube.com/watch?v=m1a_GqJf02M,199000,146848101,1024792,2018-07-26T22:20:01Z,single,God's Plan,[],100,100,False,0.8268808043566342,1.0,0,-18.07889938354492,1,0.6896688318417716,0.7758017347618813,0.0,0.1380833983421325,0.7336297397857178,151.99908088235293,,
tvTRZJ-4EyI,HUMBLE.,Kendrick Lamar,https://youtube.com/watch?v=tvTRZJ-4EyI,184000,1093198023,9071075,2017-03-30T23:00:06Z,single,HUMBLE.,[],100,100,False,0.82492716778042,1.0,1,-16.46983528137207,0,0.6793773337149295,0.7869170425173647,0.0,0.1497921347618103,0.3319624436223953,151.99908088235293,,
d-JBBNg8YKs,SICKO MODE (Audio),Travis Scott,https://youtube.com/watch?v=d-JBBNg8YKs,315000,312150661,2755000,2018-08-03T04:01:00Z,single,SICKO MODE (Audio),[],100,100,False,0.8184005690466314,1.0,2,-14.783743858337402,0,0.7338677231691758,0.7830753254595737,0.0,0.1157681494951248,0.3325387011810639,151.99908088235293,,
pQV0WEdT_OE,Circles,Post Malone,https://youtube.com/watch?v=pQV0WEdT_OE,216000,18768516,280096,2019-08-30T16:02:55Z,single,Circles,[],85,85,False,0.9582199591848084,1.0,0,-11.321807861328123,1,0.5257154546798635,0.8366837447625182,0.0,0.1201148778200149,0.6594051087401678,117.45383522727272,,
SQnc1QibapQ,Kill Bill,SZA,https://youtube.com/watch?v=SQnc1QibapQ,156000,155702461,904567,2022-12-09T05:00:09Z,single,Kill Bill,[],100,100,False,0.9075801381981556,1.0,10,-12.986397743225098,0,0.3574517519641068,0.8445604944175196,0.0,0.102410688996315,0.2015217448028892,89.10290948275862,,
5NV6Rdv1a3I,"Get Lucky  ft. Pharrell Williams, Nile Rodgers",Daft Punk,https://youtube.com/watch?v=5NV6Rdv1a3I,249000,842258998,5333927,2013-04-19T06:55:07Z,single,"Get Lucky  ft. Pharrell Williams, Nile Rodgers",[],100,100,False,0.9582137220489368,1.0,8,-13.547588348388672,1,0.476234565017929,0.8205175190278571,0.0,0.0511958114802837,0.6618300426003669,117.45383522727272,,
McEoTIqoRKk,Summer (Audio),Calvin Harris,https://youtube.com/watch?v=McEoTIqoRKk,223000,136405183,789049,2014-03-14T09:00:01Z,single,Summer (Audio),[],100,100,False,0.9122241320890392,1.0,7,-12.723369598388672,1,0.5474076703513552,0.7800276351333587,0.0,0.0739032551646232,0.6913942922299963,129.19921875,,
5XggbNWy3NA,Closer (feat. Halsey),The Chainsmokers,https://youtube.com/watch?v=5XggbNWy3NA,246000,152501,1559,2016-08-21T12:51:28Z,single,Closer (feat. Halsey),[],43,43,False,0.9232519852127568,1.0,5,-17.088869094848633,0,0.8028007110287451,0.7314965025778792,0.0,0.1098788082599639,0.2316817746133181,95.703125,,
5y_KJAg8bHI,Wake Me Up (Official Lyric Video),Avicii,https://youtube.com/watch?v=5y_KJAg8bHI,252000,529345575,2857149,2013-06-28T19:09:38Z,single,Wake Me Up (Official Lyric Video),[],100,100,False,0.9254218897468812,1.0,9,-13.983318328857422,1,0.5724944688089537,0.7693454016983373,0.0,0.0787147432565689,0.6806919397452494,123.046875,,
3mWbRB3Y4R8,Don't You Worry Child (Radio Edit),Unknown Artist,https://youtube.com/watch?v=3mWbRB3Y4R8,213000,170527845,1269571,2017-02-11T18:37:18Z,single,Don't You Worry Child (Radio Edit),[],100,100,False,0.8722836768289697,1.0,9,-13.285869598388672,1,0.5819085300316408,0.7816358888659225,0.0,0.0810488611459732,0.6050202416701116,86.1328125,,
QpKkNIT84GY,Tití Me Preguntó (360° Visualizer) | Un Verano Sin Ti,Bad Bunny,https://youtube.com/watch?v=QpKkNIT84GY,244000,115380553,1234571,2022-05-06T04:02:13Z,single,Tití Me Preguntó (360° Visualizer) | Un Verano Sin Ti,[],100,100,False,0.9593114986812388,1.0,5,-15.011176109313965,1,0.5592806886896371,0.76959562011341,0.0,0.1216320991516113,0.6592549504612494,112.34714673913044,,
p3pEe6aAJ4k,Hips Don't Lie  ft. Wyclef Jean,Shakira,https://youtube.com/watch?v=p3pEe6aAJ4k,219000,52004200,220033,2023-06-05T20:42:54Z,single,Hips Don't Lie  ft. Wyclef Jean,[],94,94,False,0.9443123843031273,1.0,10,-14.527770042419434,0,0.4949377910310423,0.7782518886291305,0.0,0.0612701587378978,0.2320302455517842,99.38401442307692,,
zg99uHoY3nY,"Mi Gente
(Audio)","J. Balvin, Willy William",https://youtube.com/watch?v=zg99uHoY3nY,200000,676848,6467,2017-07-20T05:10:45Z,single,"Mi Gente
(Audio)",[],56,56,False,0.8716742675308183,1.0,4,-12.883796691894531,1,0.5882562211966107,0.7511999751534411,0.0,0.1229304149746894,0.7093183589901417,135.99917763157896,,
GJP9ZTsgxJs,Gasolina,Daddy Yankee,https://youtube.com/watch?v=GJP9ZTsgxJs,193000,5135245,38775,2024-02-20T03:00:10Z,single,Gasolina,[],74,74,False,0.9377824728617404,1.0,5,-16.45552635192871,1,0.4518499445480111,0.7760584665358786,0.0,0.057351566851139,0.6249974800196182,95.703125,,
b4Zp75xe6tE,Fast Car,Luke Combs,https://youtube.com/watch?v=b4Zp75xe6tE,266000,59531770,179611,2023-06-30T13:42:03Z,single,Fast Car,[],95,95,False,0.949450768207599,1.0,3,-14.40927028656006,0,0.5944284330742001,0.7873878128575812,0.0,0.0682446137070655,0.2306598569175166,99.38401442307692,,
TBkpoTbJAsI,Last Night (Audio Only),Morgan Wallen,https://youtube.com/watch?v=TBkpoTbJAsI,164000,4097697,29137,2023-01-31T05:00:20Z,single,Last Night (Audio Only),[],72,72,False,0.9507951750424588,1.0,6,-13.998875617980955,0,0.6017983317372344,0.8016285533424466,0.0,0.0554926097393035,0.236474466998633,103.359375,,
lA8F9sIhGdg,Something In The Orange,Zach Bryan,https://youtube.com/watch?v=lA8F9sIhGdg,263000,211632594,911498,2022-04-22T06:44:15Z,single,Something In The Orange,[],100,100,False,0.9707902536176708,1.0,7,-18.366830825805664,1,0.5637594095659385,0.8287760699639926,0.0,0.126009002327919,0.6503778829836621,112.34714673913044,,
4zAThXFOy2c,Tennessee Whiskey,Chris Stapleton,https://youtube.com/watch?v=4zAThXFOy2c,294000,884773666,4118037,2015-04-23T10:00:00Z,single,Tennessee Whiskey,[],100,100,False,0.8274413076512122,0.927438497543335,9,-21.616613388061523,1,0.4547569454421148,0.8519284450709287,0.0,0.0157420486211776,0.7222107332393607,151.99908088235293,,
h7oSlZL0tEM,Before He Cheats,Carrie Underwood,https://youtube.com/watch?v=h7oSlZL0tEM,196000,4987669,20606,2025-02-08T15:38:46Z,single,Before He Cheats,[],73,73,False,0.825330588354914,1.0,1,-11.94444465637207,1,0.5167353015614353,0.7573940033631987,0.0,0.0525804683566093,0.7363908994955202,151.99908088235293,,
XFkzRNyygfk,Creep,Radiohead,https://youtube.com/watch?v=XFkzRNyygfk,237000,1383502858,7874502,2008-07-18T15:43:12Z,single,Creep,[],100,100,False,0.9195758538359416,1.0,7,-19.55960273742676,1,0.6020552303800365,0.7930602657797583,0.0,0.0338515527546405,0.6156112726330363,92.28515625,,
bpOSxM0rNPM,Do I Wanna Know?,Arctic Monkeys,https://youtube.com/watch?v=bpOSxM0rNPM,266000,1843590134,10593627,2013-06-19T04:00:33Z,single,Do I Wanna Know?,[],100,100,False,0.8973894445012818,1.0,4,-15.786773681640623,1,0.4382854577239334,0.8500470488032921,0.0,0.0524323247373104,0.5947585676795062,86.1328125,,
2SUwOgmvzK4,The Less I Know The Better (Audio),Tame Impala,https://youtube.com/watch?v=2SUwOgmvzK4,218000,258301168,2028125,2020-08-17T20:15:00Z,single,The Less I Know The Better (Audio),[],100,100,False,0.9548716404861026,1.0,6,-11.699012756347656,1,0.5149930734426109,0.8151335508731571,0.0,0.0697227865457534,0.662637637823572,117.45383522727272,,
bzRMneypG04,Fix You,@coldplay,https://youtube.com/watch?v=bzRMneypG04,296000,23172770,123813,2023-07-30T10:16:28Z,single,Fix You,[],87,87,False,0.8760179921896508,1.0,10,-21.34333038330078,0,0.4714672489064327,0.8720536657660407,0.0,0.0292099602520465,0.2911903053982518,135.99917763157896,,
IhP3J0j9JmY,Believer (Audio),Imagine Dragons,https://youtube.com/watch?v=IhP3J0j9JmY,203000,208503221,1802585,2017-02-01T23:58:45Z,single,Believer (Audio),[],100,100,False,0.9372032025150838,1.0,10,-12.393170356750488,0,0.5041669078679476,0.7843558988388196,0.0,0.0750247240066528,0.278440365174177,123.046875,,
6JHu3b-pbh8,Thinkin Bout You,Unknown Artist,https://youtube.com/watch?v=6JHu3b-pbh8,201000,182491935,1291203,2018-10-30T05:42:35Z,single,Thinkin Bout You,[],100,100,False,0.9097881660032726,1.0,0,-14.704256057739258,1,0.4750659462059602,0.8557684001152001,0.0,0.1156391948461532,0.6800331774827201,129.19921875,,
Rif-RTvmmss,Starboy (Audio) ft. Daft Punk,The Weeknd,https://youtube.com/watch?v=Rif-RTvmmss,231000,77198832,402108,2023-03-14T23:34:20Z,single,Starboy (Audio) ft. Daft Punk,[],97,97,False,0.9307340535536214,1.0,9,-10.705431938171388,1,0.4380505357427316,0.8441517140649046,0.0,0.0581047534942626,0.6694709928902643,123.046875,,
f9imDgsjxXc,24K Magic (Audio),Bruno Mars,https://youtube.com/watch?v=f9imDgsjxXc,227000,902289,8568,2016-11-05T20:00:13Z,single,24K Magic (Audio),[],59,59,False,0.9768095980517796,1.0,5,-14.353479385375977,0,0.5639737593765912,0.7598650658165312,0.0,0.0942185521125793,0.2513522713775203,107.666015625,,
wkABWE-WUC8,Halo (Audio),Beyoncé,https://youtube.com/watch?v=wkABWE-WUC8,262000,351729,3433,2009-10-24T04:49:31Z,single,Halo (Audio),[],50,50,False,0.8757831469889492,1.0,9,-17.316404342651367,1,0.497302601123443,0.8129116800467421,0.0,0.0607623681426048,0.5895622714304887,80.74951171875,,
_i39qX86cGY,Fallin' (audio),Alicia Keys,https://youtube.com/watch?v=_i39qX86cGY,211000,1402176,5612,2025-05-17T15:01:02Z,single,Fallin' (audio),[],62,62,False,0.9344989105276704,1.0,7,-18.771072387695312,1,0.4144647966839606,0.8067751456816893,0.0,0.056218646466732,0.6203899781477467,95.703125,,
vGJTaP6anOU,Can't Help Falling In Love,Elvis Presley,https://youtube.com/watch?v=vGJTaP6anOU,181000,464119869,4184963,2013-04-23T07:00:10Z,single,Can't Help Falling In Love,[],100,100,False,0.9391523437080528,1.0,6,-19.66958999633789,1,0.3600525857844187,0.8627109639789743,0.0,0.0241654217243194,0.6193613842493078,99.38401442307692,,
qQzdAsjWGPg,My Way (2008 Remastered),Unknown Artist,https://youtube.com/watch?v=qQzdAsjWGPg,277000,307878337,2724118,2018-12-12T11:32:11Z,single,My Way (2008 Remastered),[],100,100,False,0.8264487132782596,1.0,2,-18.79083251953125,1,0.3671644914530386,0.8463097328288104,0.0,0.0202431492507457,0.7230535400756783,151.99908088235293,,
rBrd_3VMC3c,What A Wonderful World,Louis Armstrong,https://youtube.com/watch?v=rBrd_3VMC3c,139000,42244689,502499,2020-08-20T04:00:08Z,single,What A Wonderful World,[],92,92,False,0.8385275582064935,0.4720847308635711,0,-27.40730857849121,1,0.501269770726124,0.8211598001036359,0.0,0.0177410095930099,0.5703807174844546,71.77734375,,
jkPyB-g3asI,Good Vibrations,Unknown Artist,https://youtube.com/watch?v=jkPyB-g3asI,256000,2277284,49257,2014-11-08T20:05:10Z,single,Good Vibrations,[],67,67,False,0.8248324767657982,1.0,10,-16.58001708984375,0,0.4251684741421704,0.7650146607086277,0.0,0.0469750165939331,0.3352478008937058,151.99908088235293,,
44FId4BpMx0,Heroes (2017 Remaster),Unknown Artist,https://youtube.com/watch?v=44FId4BpMx0,216000,7108317,90456,2017-11-15T00:20:04Z,single,Heroes (2017 Remaster),[],77,77,False,0.9728404134081464,1.0,2,-13.21716594696045,1,0.2904114385623338,0.8126281798866141,0.0,0.0222536716610193,0.6528000664952688,112.34714673913044,,
JyGNABrosb8,Smells Like Teen Spirit [Nevermind] [HQ Sound],Nirvana,https://youtube.com/watch?v=JyGNABrosb8,302000,13363712,97033,2014-10-11T21:52:36Z,single,Smells Like Teen Spirit [Nevermind] [HQ Sound],[],82,82,False,0.955466322404692,1.0,1,-14.164056777954102,0,0.5414693694967392,0.7649569677423359,0.0,0.0727363545447588,0.2701641252931951,117.45383522727272,,
fAuT8_dboWo,Creep (Remastered) (Audio),Radiohead,https://youtube.com/watch?v=fAuT8_dboWo,240000,3784180,46693,2019-06-23T01:05:11Z,single,Creep (Remastered) (Audio),[],71,71,False,0.9194795021617528,1.0,7,-18.1929988861084,1,0.5918036851154207,0.8065231340250214,0.0,0.0339908110909163,0.6135918423962469,92.28515625,,
8QDJZieQQUU,Kjarkas (Videoclip HD),TIEMPO AL TIEMPO,https://youtube.com/watch?v=8QDJZieQQUU,265000,641507,5394,2017-06-12T02:58:39Z,single,Kjarkas (Videoclip HD),[],56,56,False,0.8510995832739734,1.0,8,-17.453105926513672,0,0.603348070230137,0.7312968451311486,0.0,0.1103057451546192,0.3274148482303277,143.5546875,,
Jgq3DPuouJE,"Latinoamérica (Audio) ft. Totó la Momposina, Susana Baca, Maria Rita",Calle 13,https://youtube.com/watch?v=Jgq3DPuouJE,303000,5282951,45476,2014-09-16T07:00:04Z,single,"Latinoamérica (Audio) ft. Totó la Momposina, Susana Baca, Maria Rita",[],74,74,False,0.9295098755241002,1.0,9,-18.791011810302734,1,0.5439952288260758,0.7576481383655931,0.0,0.0586787299253046,0.627759029245161,95.703125,,
mxtfdH3-TQ4,"""Israelites""",Desmond Dekker & The Aces,https://youtube.com/watch?v=mxtfdH3-TQ4,155000,8063737,57032,2014-05-09T16:27:08Z,single,"""Israelites""",[],78,78,False,0.8252730866899722,1.0,10,-14.678417205810549,0,0.471508451896965,0.794855207629163,0.0,0.0248274120967835,0.3307717188556255,151.99908088235293,,
O6PCWtrS1_0,Mix Rock Nacional Mexicano- DJ FERNANDO MIX,Unknown Artist,https://youtube.com/watch?v=O6PCWtrS1_0,940000,659755,4412,2020-01-12T08:55:16Z,single,Mix Rock Nacional Mexicano- DJ FERNANDO MIX,[],56,56,False,0.8796808027479431,1.0,1,-24.13708877563477,0,0.4886061057558146,0.8329767873001505,0.0,0.0926928534172475,0.2970518371681353,135.99917763157896,,
NMA_isZYsYQ,KICK BACK,Unknown Artist,https://youtube.com/watch?v=NMA_isZYsYQ,194000,211971457,1465715,2022-10-11T10:02:24Z,single,KICK BACK,[],100,100,False,0.9482765996889948,1.0,8,-10.592060089111328,0,0.3562535926069523,0.7815477156647449,0.0,0.0447072405368089,0.2394865926502882,103.359375,,
JBnTJeBRXmc,Evangelion / A Cruel Angel's Thesis / Opening (Cover latino),Unknown Artist,https://youtube.com/watch?v=JBnTJeBRXmc,303000,815219,27329,2020-06-20T00:00:14Z,single,Evangelion / A Cruel Angel's Thesis / Opening (Cover latino),[],58,58,False,0.9146891439584192,1.0,5,-13.5845947265625,0,0.4452905935025966,0.7900695162787152,0.0,0.0403983329888433,0.2898880100581927,129.19921875,,
hKwCRJfiHBo,"Classic Latin Romance, Baladas, Boleros, Grupo Romántico [Vinyl Studio Session] with DJ Pax",Unknown Artist,https://youtube.com/watch?v=hKwCRJfiHBo,3433000,274392,12210,2025-01-13T15:24:16Z,single,"Classic Latin Romance, Baladas, Boleros, Grupo Romántico [Vinyl Studio Session] with DJ Pax",[],48,48,False,0.948528158169104,1.0,7,-24.20028305053711,1,0.5509863872825961,0.8594640888013246,0.0,0.0394270145334303,0.6277991366798013,103.359375,,
f1qM_OSd5Hs,De la Canción de Protesta (En Vivo),Unknown Artist,https://youtube.com/watch?v=f1qM_OSd5Hs,216000,53779,265,2022-03-25T11:05:01Z,single,De la Canción de Protesta (En Vivo),[],34,34,False,0.8586046465435532,1.0,4,-17.553539276123047,1,0.4961487041177692,0.8209784516888678,0.0,0.0263474220409989,0.6988515875098277,135.99917763157896,,
1FVF-9KQiPo,Opalite,Taylor Swift,https://youtube.com/watch?v=1FVF-9KQiPo,360000,5199262,394356,2026-02-08T13:00:02Z,single,Opalite,[],74,74,False,0.9209244132043264,0.8298371732234955,0,-23.662052154541016,1,0.5975235821157809,0.7886323706817285,0.0,0.0348302104976028,0.6777988943977408,123.046875,,
rWBLVn0pol0,Poor Thang,Unknown Artist,https://youtube.com/watch?v=rWBLVn0pol0,291000,1171226,41435,2026-02-06T05:00:54Z,single,Poor Thang,[],61,61,False,0.92402209802794,1.0,1,-13.490528106689451,1,0.6275260804270865,0.7434743277742464,0.0,0.1230264119803905,0.6230491633338631,92.28515625,,
pvf_Qv4rmLM,Two Six,J. Cole,https://youtube.com/watch?v=pvf_Qv4rmLM,255000,2257337,149220,2026-02-06T20:41:13Z,single,Two Six,[],67,67,False,0.7857440408990266,1.0,6,-15.826640129089355,1,0.96638668560232,0.7142808511315347,0.0,0.1627759449183941,0.7428578723302698,161.4990234375,,
EDs6goDO8OU,SAFETY,Unknown Artist,https://youtube.com/watch?v=EDs6goDO8OU,319000,1161786,41478,2026-02-06T05:00:12Z,single,SAFETY,[],61,61,False,0.914417683751074,1.0,3,-13.63906478881836,0,0.6628943263537743,0.7244255895585447,0.0,0.1167563078925013,0.2259064740662182,92.28515625,,
mQezde_qeXw,Homewrecker (official video),sombr,https://youtube.com/watch?v=mQezde_qeXw,254000,2117977,113001,2026-02-05T23:00:07Z,single,Homewrecker (official video),[],66,66,False,0.930689610779204,1.0,3,-10.64397144317627,0,0.4538175242081014,0.7943095981196985,0.0,0.1184970121830701,0.229621589128199,99.38401442307692,,
kwwdY1bp-Ck,(Video Oficial) - Lenin Ramirez - DEL Records 2026,Todo Lo Fue,https://youtube.com/watch?v=kwwdY1bp-Ck,190000,9655265,97768,2026-01-28T21:00:06Z,single,(Video Oficial) - Lenin Ramirez - DEL Records 2026,[],79,79,False,0.9271526187763351,1.0,9,-14.476733207702637,1,0.5369748300162953,0.7923218904765481,0.0,0.0619486654177308,0.6225579664285178,95.703125,,
vqkfEUqjl6Y,'Adrenaline' Official MV,ATEEZ(에이티즈),https://youtube.com/watch?v=vqkfEUqjl6Y,261000,25662341,351353,2026-02-06T05:00:01Z,single,'Adrenaline' Official MV,[],88,88,False,0.9115688544160164,1.0,4,-15.4788818359375,1,0.5399800567187212,0.8040493191624158,0.0,0.1418342646211385,0.6877910396256377,129.19921875,,
9N72OEc9DPI,I Want,YoungBoy Never Broke Again,https://youtube.com/watch?v=9N72OEc9DPI,178000,1164134,79996,2026-02-05T00:20:55Z,single,I Want,[],61,61,False,0.8516631510668635,0.2222434431314468,0,-33.80469512939453,1,0.5988270183236454,0.7724451446093717,0.0,0.0220569310586142,0.7212426033085942,143.5546875,,
FuzKVhhDJE4,"""Pray For The Left""",Tom MacDonald,https://youtube.com/watch?v=FuzKVhhDJE4,204000,1857629,117755,2026-02-06T16:59:12Z,single,"""Pray For The Left""",[],65,65,False,0.8851127598453735,1.0,3,-14.797455787658691,0,0.7045420574732815,0.7495777561629378,0.0,0.0815465217456221,0.3095616918387172,135.99917763157896,,
QW06BZ5fk78,Over Now,Hurricane Wisdom,https://youtube.com/watch?v=QW06BZ5fk78,102000,293512,15686,2026-02-06T17:00:07Z,single,Over Now,[],49,49,False,0.8818388427382811,1.0,5,-14.513151168823242,0,0.7394742764772806,0.7696330663516127,0.0,0.0982644576579332,0.2012637094020968,83.35433467741936,,
xVTjhyxsJqM,Bread Winner,Vonoff1700,https://youtube.com/watch?v=xVTjhyxsJqM,145000,478153,18669,2026-02-03T20:00:00Z,single,Bread Winner,[],53,53,False,0.7801208098173893,1.0,2,-12.651835441589355,0,0.5278434341254102,0.7789164635110611,0.0,0.1592151224613189,0.3331625304733408,161.4990234375,,
kWZhG9fvpL0,Hustlin Mf Pt. 2,Bally Baby & Belly Gang Kushington,https://youtube.com/watch?v=kWZhG9fvpL0,207000,426216,9423,2026-02-03T20:00:06Z,single,Hustlin Mf Pt. 2,[],52,52,False,0.9287537573724718,1.0,5,-13.41514778137207,1,0.6062177791126026,0.7115691983681928,0.0,0.0888402014970779,0.642032649090925,99.38401442307692,,
PrU4SVVBVdw,YAYA (SheMix) (Video) (feat. Blueface & India Love),"Compton Av, Steelz, Lola Brooke & Natalie Nunn",https://youtube.com/watch?v=PrU4SVVBVdw,227000,631215,24632,2026-02-03T19:35:10Z,single,YAYA (SheMix) (Video) (feat. Blueface & India Love),[],56,56,False,0.9262221853529168,1.0,2,-15.544456481933594,0,0.8118796556612011,0.7032730572843393,0.0,0.157121043652296,0.2432770702535029,99.38401442307692,,
GDaPdpwA4Iw,Streets Of Minneapolis (Official Lyric Video),Bruce Springsteen,https://youtube.com/watch?v=GDaPdpwA4Iw,281000,6047679,370571,2026-01-29T17:19:08Z,single,Streets Of Minneapolis (Official Lyric Video),[],75,75,False,0.9644445186427312,1.0,2,-12.346460342407228,1,0.7013904747534606,0.7450719462493389,0.0,0.1102645955979824,0.6629335015408601,112.34714673913044,,
2seS3W2VQ_Y,Talking Ish Ft.  Ballout,Chief Keef,https://youtube.com/watch?v=2seS3W2VQ_Y,300000,545632,39962,2026-02-05T23:00:06Z,single,Talking Ish Ft.  Ballout,[],54,54,False,0.8207784062883181,1.0,0,-10.694388389587402,1,0.5482499253506014,0.8020924740659147,0.0,0.0999196106567978,0.7296861288901128,151.99908088235293,,
3rg0p23brQ0,"Myke Towers, Westcol, Ovy On The Drums",W Sound 23 “5 Estrellas”,https://youtube.com/watch?v=3rg0p23brQ0,191000,3185462,192817,2026-02-05T00:00:06Z,single,"Myke Towers, Westcol, Ovy On The Drums",[],70,70,False,0.9004311506935393,1.0,7,-12.583749771118164,1,0.4916538341433496,0.7637838330956759,0.0,0.1011578924953937,0.6938308625356486,129.19921875,,
Rn89mUndYbo,ABRACADABRA (LIVE AT THE 2026 GRAMMYS),LADY GAGA,https://youtube.com/watch?v=Rn89mUndYbo,256000,2117320,104158,2026-02-05T23:06:13Z,single,ABRACADABRA (LIVE AT THE 2026 GRAMMYS),[],66,66,False,0.9048140714592188,1.0,5,-20.405864715576172,0,0.413833920117609,0.7911037365109583,0.0,0.033231116598472,0.2897328770233562,129.19921875,,
4BvXZ4Gqnc0,Herencia De Grandes (Letra),Ya Borracho,https://youtube.com/watch?v=4BvXZ4Gqnc0,164000,1436747,3770,2026-02-04T17:03:20Z,single,Herencia De Grandes (Letra),[],63,63,False,0.886734563269255,1.0,11,-14.180790901184082,1,0.5231565620868353,0.8039322267245756,0.0,0.033713866956532,0.7014085212544715,135.99917763157896,,
9qkpcLK422o,IVE 아이브 'BANG BANG' MV,Unknown Artist,https://youtube.com/watch?v=9qkpcLK422o,185000,5343820,236870,2026-02-09T09:01:11Z,single,IVE 아이브 'BANG BANG' MV,[],74,74,False,0.8277879801968899,1.0,4,-10.739274978637695,1,0.5222617653747393,0.7688042718657839,0.0,0.101932062767446,0.7346793592201324,151.99908088235293,,
OJAnFWpxv8o,'Til You Can't,Unknown Artist,https://youtube.com/watch?v=OJAnFWpxv8o,310000,185313,25017,2026-02-08T10:04:33Z,single,'Til You Can't,[],45,45,False,0.8753674470518275,1.0,0,-21.73839569091797,1,0.5928841444283182,0.8165963105708689,0.0,0.0302970595657825,0.6995089086775276,135.99917763157896,,
iVLQ60L57z4,Double R,Real Boston Richey,https://youtube.com/watch?v=iVLQ60L57z4,231000,433131,12588,2026-02-04T08:14:46Z,single,Double R,[],52,52,False,0.7828941417068549,1.0,9,-18.137928009033203,1,0.6888640749521628,0.7131477289515529,0.0,0.1161843687295913,0.743027840657267,161.4990234375,,
sSUrYVBQegM,Manhattan II X MR GOAT (Video Oficial),Hades66,https://youtube.com/watch?v=sSUrYVBQegM,136000,1212795,67580,2026-02-06T01:00:07Z,single,Manhattan II X MR GOAT (Video Oficial),[],61,61,False,0.9358446701505768,1.0,2,-16.79852867126465,0,0.5656312180409004,0.7446458409970838,0.0,0.1967323683202266,0.2297093738504374,95.703125,,
XJj7pOeW2nA,LL Da Wizard,Montana 700,https://youtube.com/watch?v=XJj7pOeW2nA,135000,236324,9127,2026-02-05T21:45:07Z,single,LL Da Wizard,[],47,47,False,0.8930810291801159,1.0,0,-12.214763641357422,1,0.6428662686566848,0.7364419023117255,0.0,0.1795250549912452,0.6117993396532412,86.1328125,,
JiNxvNtlBPM,Body,Unknown Artist,https://youtube.com/watch?v=JiNxvNtlBPM,156000,1486298,42960,2026-01-29T23:54:17Z,single,Body,[],63,63,False,0.8604851476352662,1.0,0,-14.2431640625,0,0.7650188218286545,0.7367275372430444,0.0,0.1738627217710018,0.3266002444135433,143.5546875,,
SKs80r2Lp34,The Great Divide,Noah Kahan,https://youtube.com/watch?v=SKs80r2Lp34,346000,1037563,30449,2026-02-02T02:20:37Z,single,The Great Divide,[],60,60,False,0.871234101311255,0.2813753858208656,11,-31.829805374145508,1,0.4588607828906864,0.8394483285198979,0.0,0.0116464996244758,0.5855817741595153,80.74951171875,,
DHi8tNxsKT4,Los Despechaos (Video Oficial),"Dale Pututi, Nesty, Tito El Bambino",https://youtube.com/watch?v=DHi8tNxsKT4,193000,1002345,17514,2026-02-06T17:00:07Z,single,Los Despechaos (Video Oficial),[],60,60,False,0.9467284886221068,1.0,5,-16.282039642333984,1,0.5141358976361075,0.7654652133953418,0.0,0.0787656255997717,0.6700878884452443,117.45383522727272,,
nUaQMon-OXo,Me Niegas,Unknown Artist,https://youtube.com/watch?v=nUaQMon-OXo,202000,1562374,11180,2026-02-05T10:04:34Z,single,Me Niegas,[],63,63,False,0.758835656626513,1.0,10,-13.247360229492188,0,0.3882012722330102,0.7664367282609018,0.0,0.0979794478043913,0.3350344907608647,172.265625,,
MYIVW-wvlJQ,Watching Us,"Wale, Leon Thomas",https://youtube.com/watch?v=MYIVW-wvlJQ,230000,1085159,31378,2026-02-03T17:00:06Z,single,Watching Us,[],60,60,False,0.9392930829765316,1.0,3,-14.320106506347656,0,0.5332054700444379,0.7985650181310481,0.0,0.0513347769156098,0.2289832761264966,99.38401442307692,,
OLpxwid-WtU,Feed the Streets,Unknown Artist,https://youtube.com/watch?v=OLpxwid-WtU,179000,767557,20457,2026-01-29T10:03:18Z,single,Feed the Streets,[],57,57,False,0.7552786924930883,1.0,3,-13.504467010498049,0,0.3950162421816833,0.8274625498964125,0.0,0.0770811028778553,0.3258806175155381,172.265625,,
NaZPFC5ZM6I,La Diferencia (Letra/Lyrics),Vicente Fernández,https://youtube.com/watch?v=NaZPFC5ZM6I,171000,600935,1164,2026-02-02T19:30:04Z,single,La Diferencia (Letra/Lyrics),[],55,55,False,0.9303360812585753,1.0,0,-19.435556411743164,1,0.5101362077000571,0.8077951789479851,0.0,0.0250800433568656,0.6637383936123478,117.45383522727272,,
UhJBtTPbeCQ,Chy Cartier's Adlibs,Marnz Malone ft Tunde,https://youtube.com/watch?v=UhJBtTPbeCQ,188000,760616,15146,2026-01-29T16:00:50Z,single,Chy Cartier's Adlibs,[],57,57,False,0.9412993642958932,1.0,2,-21.777599334716797,0,0.6231225777192303,0.8410634172871134,0.0,0.1644424088299274,0.230559237406933,103.359375,,
ZPGWdJsNvjY,Pick Your Poison,Marnz Malone,https://youtube.com/watch?v=ZPGWdJsNvjY,201000,174629,5606,2026-02-05T19:30:06Z,single,Pick Your Poison,[],44,44,False,0.9269102800249348,1.0,4,-20.747726440429688,1,0.7841285143534578,0.8079003979745271,0.0,0.099066668190062,0.674908690303821,123.046875,,
VdU_iaEoBKM,Omens,EsDeeKid,https://youtube.com/watch?v=VdU_iaEoBKM,122000,741793,58186,2026-02-05T19:00:28Z,single,Omens,[],57,57,False,0.907476139311752,1.0,1,-8.322929382324219,0,0.5896379726756396,0.7767398506697876,0.0,0.0969539284706115,0.2918874598995318,129.19921875,,
qpTPHtlwrJM,Lush Life,Zara Larsson,https://youtube.com/watch?v=qpTPHtlwrJM,200000,925232,3219,2026-02-04T15:40:42Z,single,Lush Life,[],59,59,False,0.9337553557832056,1.0,0,-13.640338897705078,0,0.5368007724540956,0.7805204603658037,0.0,0.0805181646719574,0.2316899597912832,99.38401442307692,,
SvjhY9-3KOA,Splashin ft @JHusMusic  [Track 2: Ya'qeen] (Lyric Visualiser),Marnz Malone,https://youtube.com/watch?v=SvjhY9-3KOA,191000,69037,2132,2026-02-06T00:00:36Z,single,Splashin ft @JHusMusic  [Track 2: Ya'qeen] (Lyric Visualiser),[],36,36,False,0.9109060705175094,1.0,3,-13.52404499053955,0,0.6566150739438942,0.814290986000842,0.0,0.1552728712558746,0.2739501020998737,123.046875,,
Ct_5ufRlAsw,Diss,Mozzik,https://youtube.com/watch?v=Ct_5ufRlAsw,372000,1650765,32972,2026-02-05T13:24:04Z,single,Diss,[],64,64,False,0.900288960716562,0.9595140814781188,5,-25.772573471069336,1,0.8567389789234747,0.7352393978505614,0.0,0.122565105324611,0.6179199092879331,89.10290948275862,,
ZWpt17pHYH0,So Sick,Ne-Yo,https://youtube.com/watch?v=ZWpt17pHYH0,209000,994040,1668,2026-02-02T13:01:06Z,single,So Sick,[],59,59,False,0.9372789122021892,1.0,8,-19.20306396484375,0,0.6678895021727573,0.8011770248852487,0.0,0.0507572870701551,0.2212296962672127,95.703125,,
MTn_bhTVr2U,Vincent's Tale - Starry Night,Ren,https://youtube.com/watch?v=MTn_bhTVr2U,480000,1579165,67457,2026-01-29T20:00:07Z,single,Vincent's Tale - Starry Night,[],63,63,False,0.9253466749226382,1.0,7,-20.479372024536133,0,0.82873369353563,0.7737319757564723,0.0,0.1372799705713987,0.2253464536365291,95.703125,,
LoElk8clGVg,Die For Me,ZAYN,https://youtube.com/watch?v=LoElk8clGVg,180000,2403610,193179,2026-02-06T05:00:06Z,single,Die For Me,[],67,67,False,0.7943175108224405,1.0,7,-12.43113613128662,0,0.4848930064497574,0.7870690823153461,0.0,0.0580830909311771,0.1442867843918285,56.17357336956522,,
cWUCy_VnDzw,First Quarter 2.0,W1ZZY,https://youtube.com/watch?v=cWUCy_VnDzw,147000,68139,1766,2026-02-05T20:00:34Z,single,First Quarter 2.0,[],36,36,False,0.908005965763985,1.0,7,-11.739996910095217,1,0.6299005275971317,0.764833114904131,0.0,0.0864803520962596,0.6813687827643804,123.046875,,
7sxVHYZ_PnA,Aperture,Harry Styles,https://youtube.com/watch?v=7sxVHYZ_PnA,352000,17308997,593211,2026-01-23T17:00:07Z,single,Aperture,[],84,84,False,0.909785309146518,1.0,2,-16.494781494140625,1,0.4239680697650809,0.9018040798155296,0.0,0.1434701131656766,0.6731278255276706,129.19921875,,
WxKkHSfwN4c,Birthday feat. Burna Boy & Steel Banglez,Fredo,https://youtube.com/watch?v=WxKkHSfwN4c,166000,2389237,23337,2026-01-30T18:06:39Z,single,Birthday feat. Burna Boy & Steel Banglez,[],67,67,False,0.9420717339063842,1.0,7,-12.611162185668944,1,0.5651986631196692,0.7934011910095908,0.0,0.1065018214285373,0.6377085713485614,103.359375,,
W6lIvxWfxLI,Shape of You,Ed Sheeran,https://youtube.com/watch?v=W6lIvxWfxLI,235000,1671508,4641,2026-02-04T10:58:26Z,single,Shape of You,[],64,64,False,0.8977341688708695,1.0,6,-14.972963333129885,1,0.5698125171782139,0.8118442120807658,0.0,0.054492138326168,0.6866218056878851,129.19921875,,
AYtbfAAHP6c,(When You Gonna) Give It Up to Me [feat. Keyshia Cole] [Sped Up],Unknown Artist,https://youtube.com/watch?v=AYtbfAAHP6c,227000,837898,6608,2026-02-02T14:57:38Z,single,(When You Gonna) Give It Up to Me [feat. Keyshia Cole] [Sped Up],[],58,58,False,0.8696764951606083,1.0,8,-18.118314743041992,0,0.5207086830087895,0.7570756510053026,0.0,0.0379566700430586,0.3084370076123625,135.99917763157896,,
PoHPFLaOPNo,Perfect,Ed Sheeran,https://youtube.com/watch?v=PoHPFLaOPNo,264000,1580525,5685,2026-02-04T00:05:02Z,single,Perfect,[],63,63,False,0.8071532778078685,1.0,8,-15.327423095703123,0,0.5788339493287362,0.822761195280794,0.0,0.0315280379727482,0.1526338390005638,63.02400914634146,,
vysZMyXS78U,Familiar Faces,Unknown Artist,https://youtube.com/watch?v=vysZMyXS78U,185000,44621,1974,2026-02-05T10:02:16Z,single,Familiar Faces,[],32,32,False,0.9167740324582778,1.0,8,-17.237546920776367,0,0.8463985028682608,0.7881430655269257,0.0,0.0482487608678638,0.2778722901709611,123.046875,,
3nvp55jqFnk,Left Out ft. M Huncho,Nafe Smallz,https://youtube.com/watch?v=3nvp55jqFnk,152000,288232,10372,2026-01-29T19:00:06Z,single,Left Out ft. M Huncho,[],49,49,False,0.9055235269139924,1.0,3,-12.389899253845217,0,0.682024140771762,0.7404409018930059,0.0,0.1081092059612274,0.297332302216049,129.19921875,,
kvGfRQx7eu4,Run My Way,December 10,https://youtube.com/watch?v=kvGfRQx7eu4,164000,1088603,26835,2026-01-30T16:00:06Z,single,Run My Way,[],60,60,False,0.8752579866427905,1.0,5,-16.07345962524414,1,0.6099356531548317,0.7659962370534875,0.0,0.1118463734164834,0.6018092337968156,83.35433467741936,,
WPR0Yd46y2o,Runnin,Fredo,https://youtube.com/watch?v=WPR0Yd46y2o,168000,2208877,32553,2026-01-19T21:00:06Z,single,Runnin,[],66,66,False,0.9000078377921865,1.0,6,-11.61233901977539,0,0.589417033494976,0.7677085625019017,0.0,0.0799388047307729,0.2932421531247147,129.19921875,,
x59r7Sy6jqA,My Regards [Official Music Video],Maisie Peters,https://youtube.com/watch?v=x59r7Sy6jqA,230000,616794,10279,2026-02-06T09:00:07Z,single,My Regards [Official Music Video],[],55,55,False,0.9317300875826784,1.0,4,-12.634533882141112,1,0.5393089278474792,0.7850988954565643,0.0,0.09502914827317,0.6783289156815154,123.046875,,
pQirHUlxcsc,Inima ta (feat. Just Eddie) (Radio Edit),Unknown Artist,https://youtube.com/watch?v=pQirHUlxcsc,217000,343167,8361,2026-02-05T10:02:06Z,single,Inima ta (feat. Just Eddie) (Radio Edit),[],50,50,False,0.9305946678072192,1.0,1,-18.314374923706055,1,0.5638863246229326,0.7821552795874924,0.0,0.0275238709291443,0.6787704580618762,123.046875,,
GNMaG_sq20w,Straight Drop X6,Asco,https://youtube.com/watch?v=GNMaG_sq20w,181000,713896,13253,2026-01-22T19:00:00Z,single,Straight Drop X6,[],57,57,False,0.8936684305865725,1.0,3,-17.8458309173584,0,0.7065625826504045,0.8223535547070635,0.0,0.0823423685505986,0.2850454042939404,129.19921875,,
hcE7TL9KnNI,LugaVellz (Tribute),Digga,https://youtube.com/watch?v=hcE7TL9KnNI,141000,338710,15880,2026-01-26T20:30:08Z,single,LugaVellz (Tribute),[],50,50,False,0.9388869693086024,1.0,9,-16.124820709228516,1,0.6608888834822776,0.7542438268282992,0.0,0.0869045900180935,0.635631454821909,99.38401442307692,,
xKau76yc4HE,Llorando Se Fue (1981),Kjarkas,https://youtube.com/watch?v=xKau76yc4HE,245000,2803206,37551,2018-01-31T16:10:32Z,single,Llorando Se Fue (1981),[],68,68,False,0.5,0.5,0,-10.0,1,0.1,0.5,0.5,0.2,0.5,120.0,seed_query,file:data_extraction/seed_queries.txt
XvziPPpryv0,Superman,Goldfinger,https://youtube.com/watch?v=XvziPPpryv0,187000,9543800,93189,2020-09-18T20:06:06Z,single,Superman,[],79,79,False,0.5,0.5,0,-10.0,1,0.1,0.5,0.5,0.2,0.5,120.0,seed_query,file:data_extraction/seed_queries.txt
lpl0GvwRNAs,Dime (Audio Oficial),Sur 16,https://youtube.com/watch?v=lpl0GvwRNAs,303000,13425065,48307,2018-11-02T06:00:01Z,single,Dime (Audio Oficial),[],82,82,False,0.5,0.5,0,-10.0,1,0.1,0.5,0.5,0.2,0.5,120.0,seed_query,file:data_extraction/seed_queries.txt
jn83LBk4y9g,✨ 「夜明け前、君の声」| New Original J-Pop 2026 | Official Music,Unknown Artist,https://youtube.com/watch?v=jn83LBk4y9g,248000,5,1,2026-08-02T09:26:49Z,single,✨ 「夜明け前、君の声」| New Original J-Pop 2026 | Official Music,[],0,0,False,0.5,0.5,0,-10.0,1,0.1,0.5,0.5,0.2,0.5,120.0,seed_query,file:data_extraction/seed_queries.txt
IRXl1RoWAo0,SAKE D BINKS ESPAÑOL LATINO OFICIAL #anime #onepiece #manga #musica #arte #netflix #onepiecenetflix,Unknown Artist,https://youtube.com/watch?v=IRXl1RoWAo0,210000,1595709,20572,2023-07-08T02:29:56Z,single,SAKE D BINKS ESPAÑOL LATINO OFICIAL #anime #onepiece #manga #musica #arte #netflix #onepiecenetflix,[],64,64,False,0.5,0.5,0,-10.0,1,0.1,0.5,0.5,0.2,0.5,120.0,seed_query,file:data_extraction/seed_queries.txt
0o898kGXux0,15 GRANDES BOLEROS VOL.1| BOLERO SOUL,Unknown Artist,https://youtube.com/watch?v=0o898kGXux0,2818000,2222925,30276,2025-10-08T21:54:59Z,single,15 GRANDES BOLEROS VOL.1| BOLERO SOUL,[],66,66,False,0.5,0.5,0,-10.0,1,0.1,0.5,0.5,0.2,0.5,120.0,seed_query,file:data_extraction/seed_queries.txt
njZRXRLnV_s,Canción Sin Miedo (Lyric Video/English Version),Vivir Quintana,https://youtube.com/watch?v=njZRXRLnV_s,228000,1044987,16293,2025-03-01T05:00:45Z,single,Canción Sin Miedo (Lyric Video/English Version),[],60,60,False,0.5,0.5,0,-10.0,1,0.1,0.5,0.5,0.2,0.5,120.0,seed_query,file:data_extraction/seed_queries.txt
OVMsbS-sHfQ,"Top 20 Pop Spotify 2026 🔥Rihanna, Bruno Mars, Lady Gaga,Ed Sheeran, Dua Lipa, Selena Gomez, Maroon 5",Unknown Artist,https://youtube.com/watch?v=OVMsbS-sHfQ,0,2331833,3495,2025-12-26T07:26:02Z,single,"Top 20 Pop Spotify 2026 🔥Rihanna, Bruno Mars, Lady Gaga,Ed Sheeran, Dua Lipa, Selena Gomez, Maroon 5",[],67,67,False,0.5,0.5,0,-10.0,1,0.1,0.5,0.5,0.2,0.5,120.0,seed_query,config_query:global_pop_rotation
Q7j2riFSqnw,AFROBEATS 2026 PARTY VIDEO MIX | NAIJA 2026 PARTY VIDEO MIX | AMAPIANO | AFROPIANO | AFROBEAT |NAIJA,Unknown Artist,https://youtube.com/watch?v=Q7j2riFSqnw,3715000,2779601,11128,2025-10-25T13:00:11Z,single,AFROBEATS 2026 PARTY VIDEO MIX | NAIJA 2026 PARTY VIDEO MIX | AMAPIANO | AFROPIANO | AFROBEAT |NAIJA,[],68,68,False,0.5,0.5,0,-10.0,1,0.1,0.5,0.5,0.2,0.5,120.0,seed_query,config_query:global_pop_rotation
HMIyjFm3d80,Trending Kpop Songs 2026 Week 2 May,TOP KPOP PLAYLIST 2026,https://youtube.com/watch?v=HMIyjFm3d80,8928000,256198,3132,2026-05-07T01:00:15Z,single,Trending Kpop Songs 2026 Week 2 May,[],48,48,False,0.5,0.5,0,-10.0,1,0.1,0.5,0.5,0.2,0.5,120.0,seed_query,config_query:global_pop_rotation
lAzVxWhZe_Q,"Indie Playlist (Acoustic, Folk, Slow, Chill, Alternative, Hipster) Session 1",Unknown Artist,https://youtube.com/watch?v=lAzVxWhZe_Q,4386000,52,2,2017-11-29T13:50:05Z,single,"Indie Playlist (Acoustic, Folk, Slow, Chill, Alternative, Hipster) Session 1",[],0,0,False,0.5,0.5,0,-10.0,1,0.1,0.5,0.5,0.2,0.5,120.0,seed_query,config_query:mood_focus
Ncu0A9dtieU,"1.5 Hours of EDM Workout Motivation Mix 🔥 1.5 Hours of Best Music for Gym, Fitness, Running",Unknown Artist,https://youtube.com/watch?v=Ncu0A9dtieU,5505000,2202096,14726,2020-06-01T11:15:00Z,single,"1.5 Hours of EDM Workout Motivation Mix 🔥 1.5 Hours of Best Music for Gym, Fitness, Running",[],66,66,False,0.5,0.5,0,-10.0,1,0.1,0.5,0.5,0.2,0.5,120.0,seed_query,config_query:mood_focus
-yGAMoYkRkE,Rudra Veena Therapy | Improve Memory Focus| Relaxing Instrumental Classical Music | | UNIQ Healing,Unknown Artist,https://youtube.com/watch?v=-yGAMoYkRkE,3727000,1328673,17182,2021-02-03T21:00:11Z,single,Rudra Veena Therapy | Improve Memory Focus| Relaxing Instrumental Classical Music | | UNIQ Healing,[],62,62,False,0.5,0.5,0,-10.0,1,0.1,0.5,0.5,0.2,0.5,120.0,seed_query,config_query:mood_focus
beLAh5dWSg4,Tyempo al Tiempo,Unknown Artist,https://youtube.com/watch?v=beLAh5dWSg4,266000,7239268,30194,2016-05-16T02:41:33Z,single,Tyempo al Tiempo,[],77,77,False,0.5,0.5,0,-10.0,1,0.1,0.5,0.5,0.2,0.5,120.0,seed_query,file:data_extraction/seed_queries.txt
bNMI1_Nhy-0,olvidarte nunca (ROCK URBANO),Unknown Artist,https://youtube.com/watch?v=bNMI1_Nhy-0,215000,14194879,78822,2010-01-26T01:15:48Z,single,olvidarte nunca (ROCK URBANO),[],83,83,False,0.5,0.5,0,-10.0,1,0.1,0.5,0.5,0.2,0.5,120.0,seed_query,file:data_extraction/seed_queries.txt
ReCnlwVZj1M,115万キロのフィルム［］,Official髭男dism,https://youtube.com/watch?v=ReCnlwVZj1M,324000,102537797,359581,2018-03-16T09:00:01Z,single,115万キロのフィルム［］,[],100,100,False,0.5,0.5,0,-10.0,1,0.1,0.5,0.5,0.2,0.5,120.0,seed_query,file:data_extraction/seed_queries.txt
VLLyzqkH6cs,Canción sin miedo ft. El Palomar,Vivir Quintana,https://youtube.com/watch?v=VLLyzqkH6cs,229000,30688450,854738,2020-03-07T09:26:59Z,single,Canción sin miedo ft. El Palomar,[],89,89,False,0.5,0.5,0,-10.0,1,0.1,0.5,0.5,0.2,0.5,120.0,seed_query,file:data_extraction/seed_queries.txt
9aq6hlUdwUU,Instrumental Focus Music | Boost Mental Clarity & Office Productivity Deep Work,Unknown Artist,https://youtube.com/watch?v=9aq6hlUdwUU,7720000,246136,2299,2025-11-29T18:01:26Z,single,Instrumental Focus Music | Boost Mental Clarity & Office Productivity Deep Work,[],47,47,False,0.5,0.5,0,-10.0,1,0.1,0.5,0.5,0.2,0.5,120.0,seed_query,config_query:mood_focus
1gU-ELcGGqg,God's Plan,Drake,https://youtube.com/watch?v=1gU-ELcGGqg,199000,121497,1511,2018-01-29T03:09:58Z,single,God's Plan,[],41,41,False,0.5,0.5,0,-10.0,1,0.1,0.5,0.5,0.2,0.5,120.0,seed_query,curated_builtin
GwXVMhVjjCI,Last Night,Unknown Artist,https://youtube.com/watch?v=GwXVMhVjjCI,164000,2214421,24484,2025-06-04T00:08:17Z,single,Last Night,[],66,66,False,0.5,0.5,0,-10.0,1,0.1,0.5,0.5,0.2,0.5,120.0,seed_query,curated_builtin
uUv5Z3HFHpU,Coldplay-Fix you (AUDIO),Unknown Artist,https://youtube.com/watch?v=uUv5Z3HFHpU,297000,377388,3525,2014-08-09T15:52:41Z,single,Coldplay-Fix you (AUDIO),[],51,51,False,0.5,0.5,0,-10.0,1,0.1,0.5,0.5,0.2,0.5,120.0,seed_query,curated_builtin
cLXMddTRrxY,Halo,Beyoncé,https://youtube.com/watch?v=cLXMddTRrxY,266000,1033176,4939,2009-06-03T11:41:22Z,single,Halo,[],60,60,False,0.5,0.5,0,-10.0,1,0.1,0.5,0.5,0.2,0.5,120.0,seed_query,curated_builtin
ju05IYp4iaE,What a Wonderful World (Audio) | HQ |,Louis Armstrong,https://youtube.com/watch?v=ju05IYp4iaE,141000,32325,506,2015-11-20T13:31:06Z,single,What a Wonderful World (Audio) | HQ |,[],30,30,False,0.5,0.5,0,-10.0,1,0.1,0.5,0.5,0.2,0.5,120.0,seed_query,curated_builtin
T_lC2O1oIew,Plastic Love,竹内まりや,https://youtube.com/watch?v=T_lC2O1oIew,309000,76059744,927126,2021-11-11T15:00:30Z,single,Plastic Love,[],97,97,False,0.5,0.5,0,-10.0,1,0.1,0.5,0.5,0.2,0.5,120.0,seed_query,file:data_extraction/seed_queries.txt
wL_xmuij6lA,"Kendrick Lamar ""HUMBLE."" (AUDIO)",Unknown Artist,https://youtube.com/watch?v=wL_xmuij6lA,177000,960640,8102,2017-07-21T17:13:02Z,single,"Kendrick Lamar ""HUMBLE."" (AUDIO)",[],59,59,False,0.5,0.5,0,-10.0,1,0.1,0.5,0.5,0.2,0.5,120.0,seed_query,curated_builtin
QbHBfxAOucI,【imase】NIGHT DANCER（Official Audio）,Unknown Artist,https://youtube.com/watch?v=QbHBfxAOucI,211000,13961417,181552,2022-08-19T03:00:43Z,single,【imase】NIGHT DANCER（Official Audio）,[],82,82,False,0.5,0.5,0,-10.0,1,0.1,0.5,0.5,0.2,0.5,120.0,seed_query,file:data_extraction/seed_queries.txt
Id2mbxCnxtE,"An Acoustic/Chill Playlist for study, relax and focus",Instrumental Indie-Folk | Vol. 3 🪕,https://youtube.com/watch?v=Id2mbxCnxtE,14152000,1086304,7628,2024-03-04T13:44:22Z,single,"An Acoustic/Chill Playlist for study, relax and focus",[],60,60,False,0.5,0.5,0,-10.0,1,0.1,0.5,0.5,0.2,0.5,120.0,seed_query,config_query:mood_focus
RxLh6WF69rk,"No One, Girl On Fire, If I Ain't Got You, Fallin'",Alicia Keys 2024 MIX Grandes Exitos,https://youtube.com/watch?v=RxLh6WF69rk,1473000,814505,4701,2024-05-13T13:00:32Z,single,"No One, Girl On Fire, If I Ain't Got You, Fallin'",[],58,58,False,0.5,0.5,0,-10.0,1,0.1,0.5,0.5,0.2,0.5,120.0,exp_cooccurrence,cooccurrence_expansion
mVuSfxqpZa4,Girl on Fire,Unknown Artist,https://youtube.com/watch?v=mVuSfxqpZa4,225000,84194121,772654,2017-01-26T01:40:20Z,single,Girl on Fire,[],98,98,False,0.5,0.5,0,-10.0,1,0.1,0.5,0.5,0.2,0.5,120.0,exp_cooccurrence,cooccurrence_expansion
Xv1B_jnYUpQ,Clock's (covers coldplay),Alicia Keys,https://youtube.com/watch?v=Xv1B_jnYUpQ,205000,454126,3418,2012-03-16T21:29:41Z,single,Clock's (covers coldplay),[],53,53,False,0.5,0.5,0,-10.0,1,0.1,0.5,0.5,0.2,0.5,120.0,exp_cooccurrence,cooccurrence_expansion
cIGd8gm_pYE,Best of Coldplay ♡ [Coldplay Concert Setlist],Unknown Artist,https://youtube.com/watch?v=cIGd8gm_pYE,5719000,13455493,67265,2024-09-26T14:53:55Z,single,Best of Coldplay ♡ [Coldplay Concert Setlist],[],82,82,False,0.5,0.5,0,-10.0,1,0.1,0.5,0.5,0.2,0.5,120.0,exp_cooccurrence,cooccurrence_expansion
OKGx4cd6Oug,Coldplay & Jay Z ft. Alicia Keys | RaveDJ [Reupload],Viva La Vida X Empire State Of Mind,https://youtube.com/watch?v=OKGx4cd6Oug,188000,264,3,2021-05-07T03:59:59Z,single,Coldplay & Jay Z ft. Alicia Keys | RaveDJ [Reupload],[],0,0,False,0.5,0.5,0,-10.0,1,0.1,0.5,0.5,0.2,0.5,120.0,exp_cooccurrence,cooccurrence_expansion
fasORbLfauI,Arctic Monkeys Top Of The Music Hits 2023   Most Popular Hits Playlist,Unknown Artist,https://youtube.com/watch?v=fasORbLfauI,1660000,146804,1075,2023-10-28T15:15:04Z,single,Arctic Monkeys Top Of The Music Hits 2023   Most Popular Hits Playlist,[],43,43,False,0.5,0.5,0,-10.0,1,0.1,0.5,0.5,0.2,0.5,120.0,exp_cooccurrence,cooccurrence_expansion
R1hSubfSS_8,[PLAYLIST] Top 5 Arctic Monkey Songs,Unknown Artist,https://youtube.com/watch?v=R1hSubfSS_8,1121000,579234,2892,2024-11-22T14:58:57Z,single,[PLAYLIST] Top 5 Arctic Monkey Songs,[],55,55,False,0.5,0.5,0,-10.0,1,0.1,0.5,0.5,0.2,0.5,120.0,exp_cooccurrence,cooccurrence_expansion
eiEZpqOi9cA,Snap Out Of Clocks (COLDPLAY & ARCTIC MONKEYS MASHUP),Unknown Artist,https://youtube.com/watch?v=eiEZpqOi9cA,194000,248,5,2017-07-30T23:23:05Z,single,Snap Out Of Clocks (COLDPLAY & ARCTIC MONKEYS MASHUP),[],0,0,False,0.5,0.5,0,-10.0,1,0.1,0.5,0.5,0.2,0.5,120.0,exp_cooccurrence,cooccurrence_expansion
SbFqIRSX6js,Bittersweet Symphony (Live 8 2005),Coldplay / Richard Ashcroft,https://youtube.com/watch?v=SbFqIRSX6js,415000,66527692,357558,2018-09-21T09:30:00Z,single,Bittersweet Symphony (Live 8 2005),[],96,96,False,0.5,0.5,0,-10.0,1,0.1,0.5,0.5,0.2,0.5,120.0,exp_cooccurrence,cooccurrence_expansion
Q6h1ucZC7VM,Good Lil Boy,Unknown Artist,https://youtube.com/watch?v=Q6h1ucZC7VM,206000,642317,8996,2024-07-31T15:00:32Z,single,Good Lil Boy,[],56,56,False,0.5,0.5,0,-10.0,1,0.1,0.5,0.5,0.2,0.5,120.0,exp_cooccurrence,cooccurrence_expansion
CR02j31BR04,Outlaw,Unknown Artist,https://youtube.com/watch?v=CR02j31BR04,200000,4759775,61895,2023-06-16T04:00:10Z,single,Outlaw,[],73,73,False,0.5,0.5,0,-10.0,1,0.1,0.5,0.5,0.2,0.5,120.0,exp_cooccurrence,cooccurrence_expansion
3YqPKLZF_WU,My Universe,Coldplay X BTS,https://youtube.com/watch?v=3YqPKLZF_WU,283000,347977250,9552652,2021-09-30T04:00:11Z,single,My Universe,[],100,100,False,0.5,0.5,0,-10.0,1,0.1,0.5,0.5,0.2,0.5,120.0,exp_cooccurrence,cooccurrence_expansion
BNIAyzmdf_g,Avicii Best Songs Playlist 2024 (Full Collection),Avicii Greatest Hits Full Album 2024,https://youtube.com/watch?v=BNIAyzmdf_g,4378000,646026,5024,2024-10-30T11:00:11Z,single,Avicii Best Songs Playlist 2024 (Full Collection),[],56,56,False,0.5,0.5,0,-10.0,1,0.1,0.5,0.5,0.2,0.5,120.0,exp_cooccurrence,cooccurrence_expansion
TW7iwx1VUtA,A Sky Full of Stars [Avicii Edit] (Lyric Video),Coldplay,https://youtube.com/watch?v=TW7iwx1VUtA,333000,3988261,19067,2023-08-15T13:01:03Z,single,A Sky Full of Stars [Avicii Edit] (Lyric Video),[],72,72,False,0.5,0.5,0,-10.0,1,0.1,0.5,0.5,0.2,0.5,120.0,exp_cooccurrence,cooccurrence_expansion
wkuT_VJbUrc,30 Las mejores canciones de Bad Bunny 2025 - BAD BUNNY BEST HITS IN 2025,BAD BUNNY MIX 2025,https://youtube.com/watch?v=wkuT_VJbUrc,8916000,4166283,17940,2025-04-22T10:01:33Z,single,30 Las mejores canciones de Bad Bunny 2025 - BAD BUNNY BEST HITS IN 2025,[],72,72,False,0.5,0.5,0,-10.0,1,0.1,0.5,0.5,0.2,0.5,120.0,exp_cooccurrence,cooccurrence_expansion
Cr8K88UcO0s,Tití Me Preguntó (Video Oficial) | Un Verano Sin Ti,Bad Bunny,https://youtube.com/watch?v=Cr8K88UcO0s,291000,1100990857,6313678,2022-06-01T18:00:02Z,single,Tití Me Preguntó (Video Oficial) | Un Verano Sin Ti,[],100,100,False,0.5,0.5,0,-10.0,1,0.1,0.5,0.5,0.2,0.5,120.0,exp_cooccurrence,cooccurrence_expansion
WwMsWjrlu54,Best Thing I Never Had (Audio),Beyoncé,https://youtube.com/watch?v=WwMsWjrlu54,254000,20547457,63814,2011-05-31T23:17:33Z,single,Best Thing I Never Had (Audio),[],86,86,False,0.5,0.5,0,-10.0,1,0.1,0.5,0.5,0.2,0.5,120.0,exp_cooccurrence,cooccurrence_expansion
Ob7vObnFUJc,Love On Top,Beyoncé,https://youtube.com/watch?v=Ob7vObnFUJc,197000,595504144,2519802,2011-10-16T22:00:00Z,single,Love On Top,[],100,100,False,0.5,0.5,0,-10.0,1,0.1,0.5,0.5,0.2,0.5,120.0,exp_cooccurrence,cooccurrence_expansion
k1gsZ-OsGpI,Hymn For The Weekend [Seeb Remix],Coldplay,https://youtube.com/watch?v=k1gsZ-OsGpI,214000,61634609,486540,2016-05-13T14:00:26Z,single,Hymn For The Weekend [Seeb Remix],[],95,95,False,0.5,0.5,0,-10.0,1,0.1,0.5,0.5,0.2,0.5,120.0,exp_cooccurrence,cooccurrence_expansion
MHKPDzARSTc,Bruce Springsteen Greatest Hits,Bruce Springsteen Best of 💦 Bruce Springsteen Album 2021,https://youtube.com/watch?v=MHKPDzARSTc,4301000,255440,1312,2021-12-10T17:00:11Z,single,Bruce Springsteen Greatest Hits,[],48,48,False,0.5,0.5,0,-10.0,1,0.1,0.5,0.5,0.2,0.5,120.0,exp_cooccurrence,cooccurrence_expansion
boJhWtw-6Gg,Hungry Heart,Bruce Springsteen,https://youtube.com/watch?v=boJhWtw-6Gg,201000,15276940,108958,2018-06-26T17:13:44Z,single,Hungry Heart,[],83,83,False,0.5,0.5,0,-10.0,1,0.1,0.5,0.5,0.2,0.5,120.0,exp_cooccurrence,cooccurrence_expansion
W6w3xLqR_Os,"""Working on a Dream & Dancing in the Dark"" Coldplay & Bruce Springsteen@New York 6/5/22",Unknown Artist,https://youtube.com/watch?v=W6w3xLqR_Os,715000,449253,4599,2022-06-06T07:46:14Z,single,"""Working on a Dream & Dancing in the Dark"" Coldplay & Bruce Springsteen@New York 6/5/22",[],53,53,False,0.5,0.5,0,-10.0,1,0.1,0.5,0.5,0.2,0.5,120.0,exp_cooccurrence,cooccurrence_expansion
c9cUytejf1k,Coldplay's FULL Pepsi Super Bowl 50 Halftime Show feat. Beyoncé & Bruno Mars! | NFL,Unknown Artist,https://youtube.com/watch?v=c9cUytejf1k,792000,150519558,1349697,2016-02-11T23:25:23Z,single,Coldplay's FULL Pepsi Super Bowl 50 Halftime Show feat. Beyoncé & Bruno Mars! | NFL,[],100,100,False,0.5,0.5,0,-10.0,1,0.1,0.5,0.5,0.2,0.5,120.0,exp_cooccurrence,cooccurrence_expansion
Wk4FA8mwxDo,Calvin Harris Best Songs 2021   Calvin Harris Greatest Hits Full Album,Unknown Artist,https://youtube.com/watch?v=Wk4FA8mwxDo,5836000,31161,295,2021-10-25T15:00:17Z,single,Calvin Harris Best Songs 2021   Calvin Harris Greatest Hits Full Album,[],29,29,False,0.5,0.5,0,-10.0,1,0.1,0.5,0.5,0.2,0.5,120.0,exp_cooccurrence,cooccurrence_expansion
OO-jb-VpVQc,Greatest Hits As Melhores Full Playlist,Calvin Harris Best Hits 🎧,https://youtube.com/watch?v=OO-jb-VpVQc,6272000,199669,1493,2024-12-01T21:30:06Z,single,Greatest Hits As Melhores Full Playlist,[],46,46,False,0.5,0.5,0,-10.0,1,0.1,0.5,0.5,0.2,0.5,120.0,exp_cooccurrence,cooccurrence_expansion
F6RDgpbAQik,MIX COLDPLAY X ELECTRONICA 🌈,Unknown Artist,https://youtube.com/watch?v=F6RDgpbAQik,855000,864262,5261,2022-03-30T02:30:07Z,single,MIX COLDPLAY X ELECTRONICA 🌈,[],58,58,False,0.5,0.5,0,-10.0,1,0.1,0.5,0.5,0.2,0.5,120.0,exp_cooccurrence,cooccurrence_expansion
10xtYNldN6s,C.a.r.r.i.e U.n.d.e.r.w.o.o.d Greatest Hits ~ Top 100 Artists To Listen in 2023,Unknown Artist,https://youtube.com/watch?v=10xtYNldN6s,1748000,87342,546,2023-03-04T10:15:00Z,single,C.a.r.r.i.e U.n.d.e.r.w.o.o.d Greatest Hits ~ Top 100 Artists To Listen in 2023,[],38,38,False,0.5,0.5,0,-10.0,1,0.1,0.5,0.5,0.2,0.5,120.0,exp_cooccurrence,cooccurrence_expansion
cS6fR3xU4Cg,Viva La Vida but you're holding onto a life you once had,Unknown Artist,https://youtube.com/watch?v=cS6fR3xU4Cg,286000,9257310,161325,2024-12-06T14:28:26Z,single,Viva La Vida but you're holding onto a life you once had,[],79,79,False,0.5,0.5,0,-10.0,1,0.1,0.5,0.5,0.2,0.5,120.0,exp_cooccurrence,cooccurrence_expansion
wLpCkuftmJM,@twincityceo Directed by @NICKBRAZINSKY x @GloKaleUrself,"Chief Keef ""Earned It"" Music Video prod",https://youtube.com/watch?v=wLpCkuftmJM,326000,140417504,946284,2015-03-02T19:38:48Z,single,@twincityceo Directed by @NICKBRAZINSKY x @GloKaleUrself,[],100,100,False,0.5,0.5,0,-10.0,1,0.1,0.5,0.5,0.2,0.5,120.0,exp_cooccurrence,cooccurrence_expansion
0HXFlBAojZI,Finally Rich,Unknown Artist,https://youtube.com/watch?v=0HXFlBAojZI,249000,4608305,41056,2021-02-24T09:37:17Z,single,Finally Rich,[],73,73,False,0.5,0.5,0,-10.0,1,0.1,0.5,0.5,0.2,0.5,120.0,exp_cooccurrence,cooccurrence_expansion
4wxGCrjyleE,Clocks (Citgo),Coldplay x Chief Keef,https://youtube.com/watch?v=4wxGCrjyleE,184000,1734,0,2024-08-16T16:25:02Z,single,Clocks (Citgo),[],4,4,False,0.5,0.5,0,-10.0,1,0.1,0.5,0.5,0.2,0.5,120.0,exp_cooccurrence,cooccurrence_expansion
Fwv3tAF50XA,chris stapleton Greatest Hits ~ Top 100 Artists To Listen in 2023 & 2024,Unknown Artist,https://youtube.com/watch?v=Fwv3tAF50XA,1762000,273921,1978,2023-12-29T13:00:20Z,single,chris stapleton Greatest Hits ~ Top 100 Artists To Listen in 2023 & 2024,[],48,48,False,0.5,0.5,0,-10.0,1,0.1,0.5,0.5,0.2,0.5,120.0,exp_cooccurrence,cooccurrence_expansion
6D4W0wA6Zsk,Coldplay & Chris Stapleton mashup 2020,Hard Paradise,https://youtube.com/watch?v=6D4W0wA6Zsk,191000,22,0,2020-06-08T17:51:26Z,single,Coldplay & Chris Stapleton mashup 2020,[],0,0,False,0.5,0.5,0,-10.0,1,0.1,0.5,0.5,0.2,0.5,120.0,exp_cooccurrence,cooccurrence_expansion
Z0cBeLpryQE,YAYA (SheMix) (Visualizer) ( Blueface & India Love),"Compton Av, Steelz, Natalie Nunn & Lola Brooke",https://youtube.com/watch?v=Z0cBeLpryQE,225000,978347,12332,2026-01-23T05:00:42Z,single,YAYA (SheMix) (Visualizer) ( Blueface & India Love),[],59,59,False,0.5,0.5,0,-10.0,1,0.1,0.5,0.5,0.2,0.5,120.0,exp_cooccurrence,cooccurrence_expansion
D5cwqNYLvnk,Daddy Yankee Best Songs ✌ Daddy Yankee Top Hits ✌ Daddy Yankee Playlist Collection,Unknown Artist,https://youtube.com/watch?v=D5cwqNYLvnk,1691000,1297189,9009,2024-05-16T15:00:10Z,single,Daddy Yankee Best Songs ✌ Daddy Yankee Top Hits ✌ Daddy Yankee Playlist Collection,[],62,62,False,0.5,0.5,0,-10.0,1,0.1,0.5,0.5,0.2,0.5,120.0,exp_cooccurrence,cooccurrence_expansion
OWhiCkEY-Yk,Daddy,Coldplay,https://youtube.com/watch?v=OWhiCkEY-Yk,300000,27912133,553190,2019-11-20T17:00:11Z,single,Daddy,[],88,88,False,0.5,0.5,0,-10.0,1,0.1,0.5,0.5,0.2,0.5,120.0,exp_cooccurrence,cooccurrence_expansion
VeauURD-qLk,D.a.f.t P.u.n.k Greatest Hits 🔥 Best D.a.f.t P.u.n.k Songs & Playlist 🔥 Full Album 2022,Unknown Artist,https://youtube.com/watch?v=VeauURD-qLk,4275000,931255,7770,2022-12-10T23:00:11Z,single,D.a.f.t P.u.n.k Greatest Hits 🔥 Best D.a.f.t P.u.n.k Songs & Playlist 🔥 Full Album 2022,[],59,59,False,0.5,0.5,0,-10.0,1,0.1,0.5,0.5,0.2,0.5,120.0,exp_cooccurrence,cooccurrence_expansion
